startIp,endIp,ipVersion,serviceName,serviceUrl,exitNodeType,lastSeen,lastSeenStr,exitNodeRegion,hostname,countryCode,cityName,latitude,longitude
2606:0040:88ba:0000:0000:0000:0000:0000,2606:0040:88ba:ffff:ffff:ffff:ffff:ffff,6,VPN by Google,https://support.google.com/pixelphone/answer/2819573?hl=en,vpn_server,1768401479682,2026-01-14T14:37:59.682Z,Joplin,,US,Joplin,,
162.120.135.92,162.120.135.92,4,VPN by Google,https://support.google.com/pixelphone/answer/2819573?hl=en,vpn_server,1768401479579,2026-01-14T14:37:59.579Z,Kenosha,,US,Kenosha,,
178.17.51.251,178.17.51.251,4,V2Ray,,vpn_server,1768311956483,2026-01-13T13:45:56.483Z,,,,,,
185.108.105.155,185.108.105.155,4,Surfshark,https://surfshark.com,exit_node,1767395216214,2026-01-02T23:06:56.214Z,uk-gla.prod.surfshark.com_udp.ovpn,,UK,glasgow,,
185.247.70.187,185.247.70.187,4,NordVPN,https://nordvpn.com,vpn_server,1768312055847,2026-01-13T13:47:35.847Z,"Dallas, United States",us8118.nordvpn.com,,,,
2606:0040:a4a0:0000:0000:0000:0000:0000,2606:0040:a4a0:ffff:ffff:ffff:ffff:ffff,6,VPN by Google,https://support.google.com/pixelphone/answer/2819573?hl=en,vpn_server,1768401480673,2026-01-14T14:38:00.673Z,Iksan-si,,KR,Iksan-si,,
191.96.106.220,191.96.106.220,4,Private Internet Access,https://privateinternetaccess.com,vpn_server,1768312055851,2026-01-13T13:47:35.851Z,,us-streaming-2.privacy.network,,,,
2606:0040:97ed:0000:0000:0000:0000:0000,2606:0040:97ed:ffff:ffff:ffff:ffff:ffff,6,VPN by Google,https://support.google.com/pixelphone/answer/2819573?hl=en,vpn_server,1768401480216,2026-01-14T14:38:00.216Z,Turin,,IT,Turin,,
216.73.163.246,216.73.163.246,4,ExpressVPN,https://expressvpn.com,exit_node,1764685744586,2025-12-02T14:29:04.586Z,USA - San Francisco,,US,San Francisco,37.77493,-122.41942
136.23.61.46,136.23.61.46,4,VPN by Google,https://support.google.com/pixelphone/answer/2819573?hl=en,vpn_server,1768401478187,2026-01-14T14:37:58.187Z,Mataro,,ES,Mataro,,
45.87.175.171,45.87.175.171,4,V2Ray,,vpn_server,1768311956540,2026-01-13T13:45:56.540Z,,,,,,
162.120.133.172,162.120.133.172,4,VPN by Google,https://support.google.com/pixelphone/answer/2819573?hl=en,vpn_server,1768401480688,2026-01-14T14:38:00.688Z,Cuautla,,MX,Cuautla,,
212.102.40.82,212.102.40.82,4,Surfshark,https://surfshark.com,exit_node,1767097646992,2025-12-30T12:27:26.992Z,us-dal.prod.surfshark.com_udp.ovpn,,US,dallas,32.78306,-96.80667
108.61.209.223,108.61.209.223,4,TunnelBear,https://tunnelbear.com,exit_node,1768401477826,2026-01-14T14:37:57.826Z,,,,,,
162.120.136.127,162.120.136.127,4,VPN by Google,https://support.google.com/pixelphone/answer/2819573?hl=en,vpn_server,1768401479599,2026-01-14T14:37:59.599Z,Winston-Salem,,US,Winston-Salem,,
188.214.125.149,188.214.125.149,4,Private Internet Access,https://privateinternetaccess.com,vpn_server,1768312055851,2026-01-13T13:47:35.851Z,,philippines.privacy.network,,,,
194.187.251.114,194.187.251.114,4,AirVPN,https://airvpn.org,vpn_server,1768312055844,2026-01-13T13:47:35.844Z,"Brussels, Belgium",be.vpn.airdns.org,,,,
2606:0040:213d:a400:0000:0000:0000:0000,2606:0040:213d:a7ff:ffff:ffff:ffff:ffff,6,VPN by Google,https://support.google.com/pixelphone/answer/2819573?hl=en,vpn_server,1768401478843,2026-01-14T14:37:58.843Z,Ichihara,,JP,Ichihara,,
162.120.159.61,162.120.159.61,4,VPN by Google,https://support.google.com/pixelphone/answer/2819573?hl=en,vpn_server,1768401480060,2026-01-14T14:38:00.060Z,Nagoya,,JP,Nagoya,,
149.88.103.45,149.88.103.45,4,ProtonVPN,https://protonvpn.com,exit_node,1768401478093,2026-01-14T14:37:58.093Z,,,,,,
185.212.169.119,185.212.169.119,4,TunnelBear,https://tunnelbear.com,exit_node,1768401478017,2026-01-14T14:37:58.017Z,,,,,,
79.127.224.98,79.127.224.98,4,Windscribe,https://windscribe.com,vpn_server,1768312050455,2026-01-13T13:47:30.455Z,Belgium,,,,,
38.242.7.243,38.242.7.243,4,Hide My Ass VPN,https://hidemyass.com,vpn_server,1768312055846,2026-01-13T13:47:35.846Z,"Boston, USA",ma.us.hma.rocks,,,,
154.47.29.130,154.47.29.130,4,Private Internet Access,https://privateinternetaccess.com,vpn_server,1768312055851,2026-01-13T13:47:35.851Z,,zagreb.privacy.network,,,,
185.247.70.99,185.247.70.99,4,NordVPN,https://nordvpn.com,vpn_server,1768312055847,2026-01-13T13:47:35.847Z,"Dallas, United States",us8107.nordvpn.com,,,,
85.203.45.199,85.203.45.199,4,ExpressVPN,https://expressvpn.com,exit_node,1768300111216,2026-01-13T10:28:31.216Z,,,,,,
216.238.76.117,216.238.76.117,4,TunnelBear,https://tunnelbear.com,exit_node,1768401477868,2026-01-14T14:37:57.868Z,,,,,,
193.56.113.18,193.56.113.18,4,Surfshark,https://surfshark.com,vpn_server,1768312055852,2026-01-13T13:47:35.852Z,"Helsinki, Finland",fi-hel.prod.surfshark.com,,,,
146.70.67.58,146.70.67.58,4,AirVPN,https://airvpn.org,exit_node,1768264839164,2026-01-13T00:40:39.164Z,,,,,,
85.203.44.57,85.203.44.57,4,ExpressVPN,https://expressvpn.com,exit_node,1764705729218,2025-12-02T20:02:09.218Z,Sweden,,SE,,,
2606:0040:22a9:2000:0000:0000:0000:0000,2606:0040:22a9:23ff:ffff:ffff:ffff:ffff,6,VPN by Google,https://support.google.com/pixelphone/answer/2819573?hl=en,vpn_server,1768401479124,2026-01-14T14:37:59.124Z,Auxerre,,FR,Auxerre,,
162.120.203.129,162.120.203.129,4,VPN by Google,https://support.google.com/pixelphone/answer/2819573?hl=en,vpn_server,1768401478341,2026-01-14T14:37:58.341Z,Lawrence,,US,Lawrence,,
64.238.204.10,64.238.204.10,4,NordVPN,https://nordvpn.com,vpn_server,1768207625000,2026-01-12T08:47:05.000Z,,,,,,
45.83.145.10,45.83.145.10,4,ProtonVPN,https://protonvpn.com,exit_node,1768401478115,2026-01-14T14:37:58.115Z,,,,,,
2606:0040:8c8b:0000:0000:0000:0000:0000,2606:0040:8c8b:ffff:ffff:ffff:ffff:ffff,6,VPN by Google,https://support.google.com/pixelphone/answer/2819573?hl=en,vpn_server,1768401479814,2026-01-14T14:37:59.814Z,Werder,,DE,Werder,,
146.70.24.76,146.70.24.76,4,Hotspot Shield,https://www.hotspotshield.com,exit_node,1764699932876,2025-12-02T18:25:32.876Z,,,,,,
193.124.21.16,193.124.21.16,4,NordVPN,https://nordvpn.com,vpn_server,1768312049882,2026-01-13T13:47:29.882Z,Germany #1180,,,,,
91.205.107.185,91.205.107.185,4,NordVPN,https://nordvpn.com,vpn_server,1768207625000,2026-01-12T08:47:05.000Z,,,,,,
98.98.100.133,98.98.100.133,4,TunnelBear,https://tunnelbear.com,exit_node,1768401477927,2026-01-14T14:37:57.927Z,,,,,,
208.85.23.180,208.85.23.180,4,TunnelBear,https://tunnelbear.com,exit_node,1768401477948,2026-01-14T14:37:57.948Z,,,,,,
74.118.126.73,74.118.126.73,4,ProtonVPN,https://protonvpn.com,exit_node,1768401478078,2026-01-14T14:37:58.078Z,,,,,,
162.120.128.144,162.120.128.144,4,VPN by Google,https://support.google.com/pixelphone/answer/2819573?hl=en,vpn_server,1768401479402,2026-01-14T14:37:59.402Z,Peoria,,US,Peoria,,
2606:0040:8f54:0000:0000:0000:0000:0000,2606:0040:8f54:ffff:ffff:ffff:ffff:ffff,6,VPN by Google,https://support.google.com/pixelphone/answer/2819573?hl=en,vpn_server,1768401479910,2026-01-14T14:37:59.910Z,Citrus Heights,,US,Citrus Heights,,
85.203.20.4,85.203.20.4,4,ExpressVPN,https://expressvpn.com,exit_node,1764706681793,2025-12-02T20:18:01.793Z,Croatia,,HR,,,
141.227.174.26,141.227.174.26,4,V2Ray,,vpn_server,1768311956496,2026-01-13T13:45:56.496Z,,,,,,
137.220.61.175,137.220.61.175,4,TunnelBear,https://tunnelbear.com,exit_node,1768401478015,2026-01-14T14:37:58.015Z,,,,,,
185.111.157.40,185.111.157.40,4,NordVPN,https://nordvpn.com,vpn_server,1768207625000,2026-01-12T08:47:05.000Z,,,,,,
2606:0040:21a2:2000:0000:0000:0000:0000,2606:0040:21a2:23ff:ffff:ffff:ffff:ffff,6,VPN by Google,https://support.google.com/pixelphone/answer/2819573?hl=en,vpn_server,1768401478931,2026-01-14T14:37:58.931Z,Hamelin,,DE,Hamelin,,
84.239.43.28,84.239.43.28,4,Private Internet Access,https://privateinternetaccess.com,vpn_server,1768312055851,2026-01-13T13:47:35.851Z,,us-baltimore.privacy.network,,,,
162.120.140.147,162.120.140.147,4,VPN by Google,https://support.google.com/pixelphone/answer/2819573?hl=en,vpn_server,1768401479678,2026-01-14T14:37:59.678Z,Lafayette,,US,Lafayette,,
192.200.148.144,192.200.148.144,4,IPVanish,https://ipvanish.com,vpn_server,1768312055846,2026-01-13T13:47:35.846Z,"Atlanta, United States",atl-b86.ipvanish.com,,,,
178.239.162.183,178.239.162.183,4,NordVPN,https://nordvpn.com,vpn_server,1768312055847,2026-01-13T13:47:35.847Z,"London, United Kingdom",uk2235.nordvpn.com,,,,
94.156.148.85,94.156.148.85,4,NordVPN,https://nordvpn.com,vpn_server,1768207625000,2026-01-12T08:47:05.000Z,,,,,,
190.10.8.104,190.10.8.104,4,ProXPN,https://proxpn.com,vpn_server,1768311956287,2026-01-13T13:45:56.287Z,udp-bcr1_udp,,,,,
2606:0040:20c2:4400:0000:0000:0000:0000,2606:0040:20c2:47ff:ffff:ffff:ffff:ffff,6,VPN by Google,https://support.google.com/pixelphone/answer/2819573?hl=en,vpn_server,1768401478730,2026-01-14T14:37:58.730Z,Columbus,,US,Columbus,,
185.225.31.18,185.225.31.18,4,Private Internet Access,https://privateinternetaccess.com,vpn_server,1768312055132,2026-01-13T13:47:35.132Z,,,,,,
45.91.23.141,45.91.23.141,4,ExpressVPN,https://expressvpn.com,exit_node,1764687880704,2025-12-02T15:04:40.704Z,Canada - Montreal,,CA,Montreal,45.50884,-73.58781
203.25.124.179,203.25.124.179,4,ExpressVPN,https://expressvpn.com,exit_node,1768287218964,2026-01-13T06:53:38.964Z,,,,,,
37.120.213.83,37.120.213.83,4,NordVPN,https://nordvpn.com,vpn_server,1768312055847,2026-01-13T13:47:35.847Z,"Zurich, Switzerland",ch296.nordvpn.com,,,,
162.120.139.66,162.120.139.67,4,VPN by Google,https://support.google.com/pixelphone/answer/2819573?hl=en,vpn_server,1768401480727,2026-01-14T14:38:00.727Z,Vaudreuil-Dorion,,CA,Vaudreuil-Dorion,,
37.120.207.182,37.120.207.182,4,Surfshark,https://surfshark.com,exit_node,1768085892317,2026-01-10T22:58:12.317Z,it-rom.prod.surfshark.com_udp.ovpn,,IT,rome,41.89193,12.51133
205.185.222.14,205.185.222.14,4,IPVanish,https://ipvanish.com,vpn_server,1768311985719,2026-01-13T13:46:25.719Z,ipvanish-DE-Berlin-ber-c03,,,,,
146.70.193.130,146.70.193.130,4,MullvadVPN,https://mullvad.net,vpn_server,1768312055846,2026-01-13T13:47:35.846Z,"Belgrade, Serbia",rs-beg-ovpn-102,,,,
45.85.145.54,45.85.145.54,4,NordVPN,https://nordvpn.com,vpn_server,1768312055847,2026-01-13T13:47:35.847Z,"Manassas, United States",us9938.nordvpn.com,,,,
194.61.41.38,194.61.41.38,4,ExpressVPN,https://expressvpn.com,exit_node,1768204308998,2026-01-12T07:51:48.998Z,,,,,,
162.120.193.53,162.120.193.53,4,VPN by Google,https://support.google.com/pixelphone/answer/2819573?hl=en,vpn_server,1768401478216,2026-01-14T14:37:58.216Z,Towson,,US,Towson,,
195.206.183.231,195.206.183.231,4,NordVPN,https://nordvpn.com,vpn_server,1768312055847,2026-01-13T13:47:35.847Z,"London, United Kingdom",uk2003.nordvpn.com,,,,
45.32.9.168,45.32.9.168,4,TunnelBear,https://tunnelbear.com,exit_node,1768401477962,2026-01-14T14:37:57.962Z,,,,,,
2606:0040:8f53:0000:0000:0000:0000:0000,2606:0040:8f53:ffff:ffff:ffff:ffff:ffff,6,VPN by Google,https://support.google.com/pixelphone/answer/2819573?hl=en,vpn_server,1768401479910,2026-01-14T14:37:59.910Z,Chula Vista,,US,Chula Vista,,
162.120.161.68,162.120.161.68,4,VPN by Google,https://support.google.com/pixelphone/answer/2819573?hl=en,vpn_server,1768401480083,2026-01-14T14:38:00.083Z,Wylie,,US,Wylie,,
2606:0040:9a40:0000:0000:0000:0000:0000,2606:0040:9a40:ffff:ffff:ffff:ffff:ffff,6,VPN by Google,https://support.google.com/pixelphone/answer/2819573?hl=en,vpn_server,1768401480299,2026-01-14T14:38:00.299Z,Ferrara,,IT,Ferrara,,
173.245.202.26,173.245.202.26,4,IPVanish,https://ipvanish.com,vpn_server,1768312055846,2026-01-13T13:47:35.846Z,"Chicago, United States",chi-c17.ipvanish.com,,,,
207.148.89.119,207.148.89.119,4,TunnelBear,https://tunnelbear.com,exit_node,1768401477784,2026-01-14T14:37:57.784Z,,,,,,
2606:0040:a765:0000:0000:0000:0000:0000,2606:0040:a765:ffff:ffff:ffff:ffff:ffff,6,VPN by Google,https://support.google.com/pixelphone/answer/2819573?hl=en,vpn_server,1768401480774,2026-01-14T14:38:00.774Z,Reynosa,,MX,Reynosa,,
162.120.176.26,162.120.176.26,4,VPN by Google,https://support.google.com/pixelphone/answer/2819573?hl=en,vpn_server,1768401480457,2026-01-14T14:38:00.457Z,St Albans,,GB,St Albans,,
2606:0040:21c1:e400:0000:0000:0000:0000,2606:0040:21c1:e7ff:ffff:ffff:ffff:ffff,6,VPN by Google,https://support.google.com/pixelphone/answer/2819573?hl=en,vpn_server,1768401478955,2026-01-14T14:37:58.955Z,Heilbronn,,DE,Heilbronn,,
2606:0040:2502:6000:0000:0000:0000:0000,2606:0040:2502:67ff:ffff:ffff:ffff:ffff,6,VPN by Google,https://support.google.com/pixelphone/answer/2819573?hl=en,vpn_server,1768401479243,2026-01-14T14:37:59.243Z,New Haven,,US,New Haven,,
151.245.116.150,151.245.116.150,4,Surfshark,https://surfshark.com,exit_node,1768058569344,2026-01-10T15:22:49.344Z,al-tia.prod.surfshark.com_udp.ovpn,,AL,tirana,41.32744,19.81866
216.131.77.140,216.131.77.140,4,IPVanish,https://ipvanish.com,vpn_server,1768312055846,2026-01-13T13:47:35.846Z,"Chicago, United States",chi-b51.ipvanish.com,,,,
162.120.208.178,162.120.208.178,4,VPN by Google,https://support.google.com/pixelphone/answer/2819573?hl=en,vpn_server,1768401478418,2026-01-14T14:37:58.418Z,Elbeuf,,FR,Elbeuf,,
185.245.85.133,185.245.85.133,4,ProtonVPN,https://protonvpn.com,exit_node,1768401478078,2026-01-14T14:37:58.078Z,,,,,,
31.6.58.8,31.6.58.8,4,VyperVPN,https://vypervpn.com,exit_node,1768293404216,2026-01-13T08:36:44.216Z,,,,,,
102.129.153.15,102.129.153.15,4,Private Internet Access,https://privateinternetaccess.com,vpn_server,1768312055851,2026-01-13T13:47:35.851Z,,us-florida.privacy.network,,,,
84.239.33.139,84.239.33.139,4,Private Internet Access,https://privateinternetaccess.com,vpn_server,1768312055851,2026-01-13T13:47:35.851Z,,us-oklahoma-pf.privacy.network,,,,
162.120.202.216,162.120.202.216,4,VPN by Google,https://support.google.com/pixelphone/answer/2819573?hl=en,vpn_server,1768401478332,2026-01-14T14:37:58.332Z,JM,,JM,,,
45.87.212.51,45.87.212.51,4,Windscribe,https://windscribe.com,vpn_server,1768312055853,2026-01-13T13:47:35.853Z,,de-012.whiskergalaxy.com,,,,
84.39.151.204,84.39.151.204,4,NordVPN,https://nordvpn.com,vpn_server,1768207625000,2026-01-12T08:47:05.000Z,,,,,,
203.188.175.101,203.188.175.101,4,ExpressVPN,https://expressvpn.com,exit_node,1764252856495,2025-11-27T14:14:16.495Z,Costa Rica,,CR,,,
2606:0040:a421:0000:0000:0000:0000:0000,2606:0040:a421:ffff:ffff:ffff:ffff:ffff,6,VPN by Google,https://support.google.com/pixelphone/answer/2819573?hl=en,vpn_server,1768401480655,2026-01-14T14:38:00.655Z,Uijeongbu-si,,KR,Uijeongbu-si,,
2606:0040:2121:e000:0000:0000:0000:0000,2606:0040:2121:e3ff:ffff:ffff:ffff:ffff,6,VPN by Google,https://support.google.com/pixelphone/answer/2819573?hl=en,vpn_server,1768401478818,2026-01-14T14:37:58.818Z,Maebashi,,JP,Maebashi,,
91.148.228.48,91.148.228.55,4,Privado,https://privado.com,exit_node,1768401477736,2026-01-14T14:37:57.736Z,,,GR,Athens,37.98376,23.72784
142.93.111.177,142.93.111.177,4,TunnelBear,https://tunnelbear.com,exit_node,1768401477988,2026-01-14T14:37:57.988Z,,,,,,
86.48.8.96,86.48.8.96,4,NordVPN,https://nordvpn.com,exit_node,1767944228367,2026-01-09T07:37:08.367Z,au887,,AU,,,
141.11.36.28,141.11.36.28,4,ExpressVPN,https://expressvpn.com,exit_node,1768197789460,2026-01-12T06:03:09.460Z,,,,,,
208.85.23.18,208.85.23.18,4,TunnelBear,https://tunnelbear.com,exit_node,1768401477802,2026-01-14T14:37:57.802Z,,,,,,
62.106.78.34,62.106.78.34,4,NordVPN,https://nordvpn.com,vpn_server,1768207625000,2026-01-12T08:47:05.000Z,,,,,,
203.188.190.81,203.188.190.81,4,ExpressVPN,https://expressvpn.com,exit_node,1768295915029,2026-01-13T09:18:35.029Z,,,,,,
91.246.178.12,91.246.178.12,4,ExpressVPN,https://expressvpn.com,exit_node,1768248015573,2026-01-12T20:00:15.573Z,,,,,,
136.23.55.150,136.23.55.151,4,VPN by Google,https://support.google.com/pixelphone/answer/2819573?hl=en,vpn_server,1768401478168,2026-01-14T14:37:58.168Z,Malmo,,SE,Malmo,,
149.88.20.130,149.88.20.130,4,ProtonVPN,https://protonvpn.com,exit_node,1768401478067,2026-01-14T14:37:58.067Z,,,,,,
185.102.219.40,185.102.219.40,4,IVPN,https://ivpn.net,vpn_server,1768312052558,2026-01-13T13:47:32.558Z,"Frankfurt, Germany",,,,,
37.19.218.141,37.19.218.141,4,NordVPN,https://nordvpn.com,exit_node,1765965655040,2025-12-17T10:00:55.040Z,ua51,,UA,,,
212.102.45.82,212.102.45.82,4,NordVPN,https://nordvpn.com,vpn_server,1768312055847,2026-01-13T13:47:35.847Z,"Denver, United States",us5082.nordvpn.com,,,,
162.120.167.66,162.120.167.66,4,VPN by Google,https://support.google.com/pixelphone/answer/2819573?hl=en,vpn_server,1768401480158,2026-01-14T14:38:00.158Z,Pont-Audemer,,FR,Pont-Audemer,,
95.179.209.69,95.179.209.69,4,TunnelBear,https://tunnelbear.com,exit_node,1768401477819,2026-01-14T14:37:57.819Z,,,,,,
162.120.136.82,162.120.136.82,4,VPN by Google,https://support.google.com/pixelphone/answer/2819573?hl=en,vpn_server,1768401479593,2026-01-14T14:37:59.593Z,Silver Spring,,US,Silver Spring,,
185.192.16.152,185.192.16.152,4,ExpressVPN,https://expressvpn.com,exit_node,1768247146466,2026-01-12T19:45:46.466Z,,,,,,
146.70.132.194,146.70.132.194,4,MullvadVPN,https://mullvad.net,vpn_server,1768312055846,2026-01-13T13:47:35.846Z,"Manchester, UK",gb-mnc-wg-004,,,,
2606:0040:805a:0000:0000:0000:0000:0000,2606:0040:805a:ffff:ffff:ffff:ffff:ffff,6,VPN by Google,https://support.google.com/pixelphone/answer/2819573?hl=en,vpn_server,1768401479394,2026-01-14T14:37:59.394Z,North Port,,US,North Port,,
136.23.1.140,136.23.1.140,4,VPN by Google,https://support.google.com/pixelphone/answer/2819573?hl=en,vpn_server,1768401479343,2026-01-14T14:37:59.343Z,BL,,BL,,,
162.120.148.147,162.120.148.147,4,VPN by Google,https://support.google.com/pixelphone/answer/2819573?hl=en,vpn_server,1768401479859,2026-01-14T14:37:59.859Z,Beaverton,,US,Beaverton,,
2606:0040:213d:8000:0000:0000:0000:0000,2606:0040:213d:83ff:ffff:ffff:ffff:ffff,6,VPN by Google,https://support.google.com/pixelphone/answer/2819573?hl=en,vpn_server,1768401478842,2026-01-14T14:37:58.842Z,Ageo,,JP,Ageo,,
2606:0040:20e0:0000:0000:0000:0000:0000,2606:0040:20e0:03ff:ffff:ffff:ffff:ffff,6,VPN by Google,https://support.google.com/pixelphone/answer/2819573?hl=en,vpn_server,1768401478759,2026-01-14T14:37:58.759Z,US,,US,,,
66.56.80.139,66.56.80.139,4,Private Internet Access,https://privateinternetaccess.com,exit_node,1768257594768,2026-01-12T22:39:54.768Z,,,,,,
212.102.49.88,212.102.49.88,4,Private Internet Access,https://privateinternetaccess.com,vpn_server,1768312055851,2026-01-13T13:47:35.851Z,,spain.privacy.network,,,,
185.253.97.238,185.253.97.238,4,CyberGhostVPN,https://cyberghostvpn.com,vpn_server,1768311955684,2026-01-13T13:45:55.684Z,Norway,,,,,
45.155.40.165,45.155.40.165,4,NordVPN,https://nordvpn.com,exit_node,1765827488066,2025-12-15T19:38:08.066Z,hu61,,HU,,,
162.120.240.24,162.120.240.25,4,VPN by Google,https://support.google.com/pixelphone/answer/2819573?hl=en,vpn_server,1768401478556,2026-01-14T14:37:58.556Z,Centennial,,US,Centennial,,
149.28.25.169,149.28.25.169,4,TunnelBear,https://tunnelbear.com,exit_node,1768401477902,2026-01-14T14:37:57.902Z,,,,,,
213.152.162.81,213.152.162.81,4,AirVPN,https://airvpn.org,vpn_server,1768312055845,2026-01-13T13:47:35.845Z,"Alblasserdam, Netherlands",nl3.vpn.airdns.org,,,,
37.120.157.250,37.120.157.250,4,FastestVPN,https://fastestvpn.com,vpn_server,1768312055845,2026-01-13T13:47:35.845Z,"Miami, USA",us-mia.jumptoserver.com,,,,
2606:0040:2233:7400:0000:0000:0000:0000,2606:0040:2233:77ff:ffff:ffff:ffff:ffff,6,VPN by Google,https://support.google.com/pixelphone/answer/2819573?hl=en,vpn_server,1768401479059,2026-01-14T14:37:59.059Z,Walton-on-Thames,,GB,Walton-on-Thames,,
85.12.5.192,85.12.5.192,4,Privado,https://privado.com,vpn_server,1768312055851,2026-01-13T13:47:35.851Z,"Los Angeles, United States",mex-011.vpn.privado.io,,,,
102.129.232.66,102.129.232.66,4,Private Internet Access,https://privateinternetaccess.com,exit_node,1768076894051,2026-01-10T20:28:14.051Z,us_silicon_valley,,US,,,
2606:4700::6810:a320,2606:4700::6810:a320,6,V2Ray,,vpn_server,1768311956512,2026-01-13T13:45:56.512Z,,,,,,
2606:0040:219e:0000:0000:0000:0000:0000,2606:0040:219e:03ff:ffff:ffff:ffff:ffff,6,VPN by Google,https://support.google.com/pixelphone/answer/2819573?hl=en,vpn_server,1768401478927,2026-01-14T14:37:58.927Z,Turin,,IT,Turin,,
91.90.120.25,91.90.120.25,4,CyberGhostVPN,https://cyberghostvpn.com,vpn_server,1768312055845,2026-01-13T13:47:35.845Z,,87-1-gl.cg-dialup.net,,,,
216.169.141.188,216.169.141.188,4,IPVanish,https://ipvanish.com,vpn_server,1768312017357,2026-01-13T13:46:57.357Z,ipvanish-US-Atlanta-atl-c71,,,,,
2606:0040:960b:0000:0000:0000:0000:0000,2606:0040:960b:ffff:ffff:ffff:ffff:ffff,6,VPN by Google,https://support.google.com/pixelphone/answer/2819573?hl=en,vpn_server,1768401480148,2026-01-14T14:38:00.148Z,Aarhus,,DK,Aarhus,,
162.120.130.153,162.120.130.153,4,VPN by Google,https://support.google.com/pixelphone/answer/2819573?hl=en,vpn_server,1768401479454,2026-01-14T14:37:59.454Z,Columbus,,US,Columbus,,
2606:0040:8f0a:0000:0000:0000:0000:0000,2606:0040:8f0a:ffff:ffff:ffff:ffff:ffff,6,VPN by Google,https://support.google.com/pixelphone/answer/2819573?hl=en,vpn_server,1768401479902,2026-01-14T14:37:59.902Z,Santa Monica,,US,Santa Monica,,
2606:4700:20::ac43:467b,2606:4700:20::ac43:467b,6,V2Ray,,vpn_server,1768311956512,2026-01-13T13:45:56.512Z,,,,,,
62.197.151.36,62.197.151.36,4,Surfshark,https://surfshark.com,vpn_server,1768312055852,2026-01-13T13:47:35.852Z,"Monte Carlo, Monaco",mc-mcm.prod.surfshark.com,,,,
185.202.220.156,185.202.220.156,4,NordVPN,https://nordvpn.com,vpn_server,1768312055847,2026-01-13T13:47:35.847Z,"New York, United States",us9361.nordvpn.com,,,,
98.98.72.4,98.98.72.4,4,TunnelBear,https://tunnelbear.com,exit_node,1768401477752,2026-01-14T14:37:57.752Z,,,,,,
91.233.0.11,91.233.0.11,4,ExpressVPN,https://expressvpn.com,exit_node,1768204899435,2026-01-12T08:01:39.435Z,,,,,,
37.46.113.161,37.46.113.161,4,Private Internet Access,https://privateinternetaccess.com,vpn_server,1768312055851,2026-01-13T13:47:35.851Z,,lu.privacy.network,,,,
173.239.203.203,173.239.203.203,4,Private Internet Access,https://privateinternetaccess.com,vpn_server,1768312055851,2026-01-13T13:47:35.851Z,,au-australia-so.privacy.network,,,,
31.14.252.14,31.14.252.14,4,ProtonVPN,https://protonvpn.com,exit_node,1768401478065,2026-01-14T14:37:58.065Z,,,,,,
162.120.173.74,162.120.173.74,4,VPN by Google,https://support.google.com/pixelphone/answer/2819573?hl=en,vpn_server,1768401480342,2026-01-14T14:38:00.342Z,Pontault-Combault,,FR,Pontault-Combault,,
181.214.196.194,181.214.196.194,4,NordVPN,https://nordvpn.com,exit_node,1767892885669,2026-01-08T17:21:25.669Z,us9709,,US,,,
104.36.177.157,104.36.177.157,4,IPVanish,https://ipvanish.com,vpn_server,1768312028356,2026-01-13T13:47:08.356Z,ipvanish-US-Las-Vegas-las-b68,,,,,
213.152.162.87,213.152.162.87,4,AirVPN,https://airvpn.org,vpn_server,1768312055845,2026-01-13T13:47:35.845Z,"Alblasserdam, Netherlands",nl4.vpn.airdns.org,,,,
146.70.171.76,146.70.171.76,4,MullvadVPN,https://mullvad.net,exit_node,1768304734678,2026-01-13T11:45:34.678Z,us-nyc-wg-604,,us,New York,40.71427,-74.00597
192.166.247.150,192.166.247.150,4,NordVPN,https://nordvpn.com,vpn_server,1768312055847,2026-01-13T13:47:35.847Z,"Osaka, Japan",jp657.nordvpn.com,,,,
185.212.149.49,185.212.149.49,4,Windscribe,https://windscribe.com,vpn_server,1768312055853,2026-01-13T13:47:35.853Z,,fi-008.whiskergalaxy.com,,,,
69.167.7.47,69.167.7.47,4,VyperVPN,https://vypervpn.com,exit_node,1768249286427,2026-01-12T20:21:26.427Z,,,,,,
103.81.231.162,103.81.231.162,4,MullvadVPN,https://mullvad.net,exit_node,1768311466500,2026-01-13T13:37:46.500Z,us-qas-wg-204,,us,Ashburn,39.04372,-77.48749
194.187.251.158,194.187.251.158,4,AirVPN,https://airvpn.org,vpn_server,1768312055844,2026-01-13T13:47:35.844Z,"Brussels, Belgium",be4.vpn.airdns.org,,,,
216.131.73.28,216.131.73.28,4,IPVanish,https://ipvanish.com,exit_node,1768219275154,2026-01-12T12:01:15.154Z,,,,,,
162.120.177.19,162.120.177.19,4,VPN by Google,https://support.google.com/pixelphone/answer/2819573?hl=en,vpn_server,1768401480509,2026-01-14T14:38:00.509Z,Dax,,FR,Dax,,
193.56.116.202,193.56.116.202,4,ExpressVPN,https://expressvpn.com,exit_node,1764710214458,2025-12-02T21:16:54.458Z,USA - Atlanta,,US,Atlanta,33.749,-84.38798
5.62.62.216,5.62.62.216,4,Hide My Ass VPN,https://hidemyass.com,vpn_server,1768312055845,2026-01-13T13:47:35.845Z,"Monrovia, Liberia",lr.hma.rocks,,,,
138.197.191.154,138.197.191.154,4,TunnelBear,https://tunnelbear.com,exit_node,1768401478034,2026-01-14T14:37:58.034Z,,,,,,
2606:0040:8cdf:0000:0000:0000:0000:0000,2606:0040:8cdf:ffff:ffff:ffff:ffff:ffff,6,VPN by Google,https://support.google.com/pixelphone/answer/2819573?hl=en,vpn_server,1768401479827,2026-01-14T14:37:59.827Z,Einbeck,,DE,Einbeck,,
95.181.239.6,95.181.239.6,4,Private Internet Access,https://privateinternetaccess.com,vpn_server,1768312055851,2026-01-13T13:47:35.851Z,,srilanka.privacy.network,,,,
2a00:1678:2470:1010:4283:4b4e:8e21:e97f,2a00:1678:2470:1010:4283:4b4e:8e21:e97f,6,AirVPN,https://airvpn.org,vpn_server,1768312051271,2026-01-13T13:47:31.271Z,"Alblasserdam, Netherlands",,,,,
2606:0040:2172:2000:0000:0000:0000:0000,2606:0040:2172:23ff:ffff:ffff:ffff:ffff,6,VPN by Google,https://support.google.com/pixelphone/answer/2819573?hl=en,vpn_server,1768401478894,2026-01-14T14:37:58.894Z,Brampton,,CA,Brampton,,
103.138.124.36,103.138.124.36,4,Surfshark,https://surfshark.com,exit_node,1768220298180,2026-01-12T12:18:18.180Z,uk-lon.prod.surfshark.com_udp.ovpn,,UK,london,,
45.144.51.35,45.144.51.35,4,V2Ray,,vpn_server,1768311956527,2026-01-13T13:45:56.527Z,,,,,,
82.102.18.182,82.102.18.182,4,Surfshark,https://surfshark.com,exit_node,1767059052384,2025-12-30T01:44:12.384Z,fr-par.prod.surfshark.com_udp.ovpn,,FR,paris,48.85341,2.3488
178.132.109.3,178.132.109.3,4,NordVPN,https://nordvpn.com,vpn_server,1768207625000,2026-01-12T08:47:05.000Z,,,,,,
65.20.100.188,65.20.100.188,4,TunnelBear,https://tunnelbear.com,exit_node,1768401477876,2026-01-14T14:37:57.876Z,,,,,,
146.70.48.78,146.70.48.78,4,Hide My Ass VPN,https://hidemyass.com,vpn_server,1768312055845,2026-01-13T13:47:35.845Z,"Dublin, Ireland",ie.hma.rocks,,,,
2606:0040:8f48:0000:0000:0000:0000:0000,2606:0040:8f48:ffff:ffff:ffff:ffff:ffff,6,VPN by Google,https://support.google.com/pixelphone/answer/2819573?hl=en,vpn_server,1768401479908,2026-01-14T14:37:59.908Z,Scottsdale,,US,Scottsdale,,
196.196.53.58,196.196.53.58,4,Private Internet Access,https://privateinternetaccess.com,vpn_server,1768312055851,2026-01-13T13:47:35.851Z,,lv.privacy.network,,,,
94.156.250.14,94.156.250.14,4,VPN Unlimited,https://vpnunlimitedapp.com,vpn_server,1768311956436,2026-01-13T13:45:56.436Z,uk-lon,,,,,
162.120.214.137,162.120.214.137,4,VPN by Google,https://support.google.com/pixelphone/answer/2819573?hl=en,vpn_server,1768401478483,2026-01-14T14:37:58.483Z,Naas,,IE,Naas,,
176.110.219.20,176.110.219.20,4,ExpressVPN,https://expressvpn.com,exit_node,1764703257032,2025-12-02T19:20:57.032Z,,,,,,
2606:0040:9ef5:0000:0000:0000:0000:0000,2606:0040:9ef5:ffff:ffff:ffff:ffff:ffff,6,VPN by Google,https://support.google.com/pixelphone/answer/2819573?hl=en,vpn_server,1768401480469,2026-01-14T14:38:00.469Z,Bari,,IT,Bari,,
146.70.13.150,146.70.13.150,4,IPVanish,https://ipvanish.com,vpn_server,1768312055846,2026-01-13T13:47:35.846Z,"Dallas, United States",dal-c23.ipvanish.com,,,,
2606:0040:8c8d:0000:0000:0000:0000:0000,2606:0040:8c8d:ffff:ffff:ffff:ffff:ffff,6,VPN by Google,https://support.google.com/pixelphone/answer/2819573?hl=en,vpn_server,1768401479814,2026-01-14T14:37:59.814Z,Albstadt,,DE,Albstadt,,
91.90.126.9,91.90.126.9,4,Private Internet Access,https://privateinternetaccess.com,exit_node,1767676168449,2026-01-06T05:09:28.449Z,panama,,PA,,,
2606:0040:8d18:0000:0000:0000:0000:0000,2606:0040:8d18:ffff:ffff:ffff:ffff:ffff,6,VPN by Google,https://support.google.com/pixelphone/answer/2819573?hl=en,vpn_server,1768401479835,2026-01-14T14:37:59.835Z,Bad Oldesloe,,DE,Bad Oldesloe,,
162.120.145.96,162.120.145.96,4,VPN by Google,https://support.google.com/pixelphone/answer/2819573?hl=en,vpn_server,1768401479769,2026-01-14T14:37:59.769Z,Cary,,US,Cary,,
37.120.233.236,37.120.233.236,4,Surfshark,https://surfshark.com,exit_node,1765958669189,2025-12-17T08:04:29.189Z,uk-man.prod.surfshark.com_udp.ovpn,,UK,manchester,,
2606:0040:0ce0:0000:0000:0000:0000:0000,2606:0040:0cef:ffff:ffff:ffff:ffff:ffff,6,VPN by Google,https://support.google.com/pixelphone/answer/2819573?hl=en,vpn_server,1768401479324,2026-01-14T14:37:59.324Z,VC,,VC,,,
2606:0040:862f:0000:0000:0000:0000:0000,2606:0040:862f:ffff:ffff:ffff:ffff:ffff,6,VPN by Google,https://support.google.com/pixelphone/answer/2819573?hl=en,vpn_server,1768401479596,2026-01-14T14:37:59.596Z,Rochester,,US,Rochester,,
92.62.120.84,92.62.120.84,4,Surfshark,https://surfshark.com,exit_node,1768139513513,2026-01-11T13:51:53.513Z,am-evn.prod.surfshark.com_udp.ovpn,,AM,yerevan,40.17765,44.5126
185.159.156.86,185.159.156.86,4,ProtonVPN,https://protonvpn.com,vpn_server,1768312055852,2026-01-13T13:47:35.852Z,"Manila, Philippines",node-ph-01.protonvpn.net,,,,
185.202.220.122,185.202.220.122,4,NordVPN,https://nordvpn.com,vpn_server,1768312055847,2026-01-13T13:47:35.847Z,"New York, United States",us9344.nordvpn.com,,,,
206.189.214.46,206.189.214.46,4,TorGuard,https://torguard.net,vpn_server,1768312055852,2026-01-13T13:47:35.852Z,"San Francisco, USA",us-sf.torguard.com,,,,
2606:0040:9310:0000:0000:0000:0000:0000,2606:0040:9310:ffff:ffff:ffff:ffff:ffff,6,VPN by Google,https://support.google.com/pixelphone/answer/2819573?hl=en,vpn_server,1768401480045,2026-01-14T14:38:00.045Z,Yokohama,,JP,Yokohama,,
65.20.100.121,65.20.100.121,4,TunnelBear,https://tunnelbear.com,exit_node,1768401477992,2026-01-14T14:37:57.992Z,,,,,,
136.23.55.153,136.23.55.153,4,VPN by Google,https://support.google.com/pixelphone/answer/2819573?hl=en,vpn_server,1768401478168,2026-01-14T14:37:58.168Z,Lillestrom,,NO,Lillestrom,,
185.172.52.106,185.172.52.106,4,NordVPN,https://nordvpn.com,vpn_server,1768312055848,2026-01-13T13:47:35.848Z,"Saint Louis, United States",us10320.nordvpn.com,,,,
162.120.193.145,162.120.193.145,4,VPN by Google,https://support.google.com/pixelphone/answer/2819573?hl=en,vpn_server,1768401478222,2026-01-14T14:37:58.222Z,White Plains,,US,White Plains,,
167.160.13.3,167.160.13.3,4,MullvadVPN,https://mullvad.net,vpn_server,1768312055846,2026-01-13T13:47:35.846Z,"Manchester, UK",gb-mnc-wg-201,,,,
37.28.156.86,37.28.156.86,4,Trust.Zone,https://trust.zone,vpn_server,1768311956351,2026-01-13T13:45:56.351Z,Poland,,,,,
82.118.30.30,82.118.30.30,4,ExpressVPN,https://expressvpn.com,exit_node,1764698373375,2025-12-02T17:59:33.375Z,Czech Republic,,CZ,,,
93.114.129.202,93.114.129.202,4,NordVPN,https://nordvpn.com,vpn_server,1768207625000,2026-01-12T08:47:05.000Z,,,,,,
162.120.208.124,162.120.208.124,4,VPN by Google,https://support.google.com/pixelphone/answer/2819573?hl=en,vpn_server,1768401478415,2026-01-14T14:37:58.415Z,Stockton-on-Tees,,GB,Stockton-on-Tees,,
158.173.23.40,158.173.23.40,4,Private Internet Access,https://privateinternetaccess.com,vpn_server,1768312055132,2026-01-13T13:47:35.132Z,,,,,,
2606:0040:a06d:0000:0000:0000:0000:0000,2606:0040:a06d:ffff:ffff:ffff:ffff:ffff,6,VPN by Google,https://support.google.com/pixelphone/answer/2819573?hl=en,vpn_server,1768401480524,2026-01-14T14:38:00.524Z,Florence,,IT,Florence,,
2606:0040:84de:0000:0000:0000:0000:0000,2606:0040:84df:ffff:ffff:ffff:ffff:ffff,6,VPN by Google,https://support.google.com/pixelphone/answer/2819573?hl=en,vpn_server,1768401479552,2026-01-14T14:37:59.552Z,Flint,,US,Flint,,
162.120.174.159,162.120.174.159,4,VPN by Google,https://support.google.com/pixelphone/answer/2819573?hl=en,vpn_server,1768401480392,2026-01-14T14:38:00.392Z,Apeldoorn,,NL,Apeldoorn,,
178.239.163.82,178.239.163.82,4,Surfshark,https://surfshark.com,exit_node,1768159121102,2026-01-11T19:18:41.102Z,uk-lon.prod.surfshark.com_udp.ovpn,,UK,london,,
82.102.23.115,82.102.23.115,4,TunnelBear,https://tunnelbear.com,exit_node,1768401477904,2026-01-14T14:37:57.904Z,,,,,,
217.217.114.41,217.217.114.41,4,NordVPN,https://nordvpn.com,vpn_server,1768207625000,2026-01-12T08:47:05.000Z,,,,,,
94.46.220.89,94.46.220.89,4,IPVanish,https://ipvanish.com,vpn_server,1768312055846,2026-01-13T13:47:35.846Z,"Birmingham, United Kingdom",bhx-c02.ipvanish.com,,,,
154.47.25.116,154.47.25.116,4,Surfshark,https://surfshark.com,exit_node,1766853654331,2025-12-27T16:40:54.331Z,us-chi.prod.surfshark.com_udp.ovpn,,US,chicago,41.85003,-87.65005
162.120.147.167,162.120.147.167,4,VPN by Google,https://support.google.com/pixelphone/answer/2819573?hl=en,vpn_server,1768401479837,2026-01-14T14:37:59.837Z,Halle,,DE,Halle,,
217.217.121.126,217.217.121.126,4,NordVPN,https://nordvpn.com,vpn_server,1768207625000,2026-01-12T08:47:05.000Z,,,,,,
2606:0040:2031:0000:0000:0000:0000:0000,2606:0040:2031:03ff:ffff:ffff:ffff:ffff,6,VPN by Google,https://support.google.com/pixelphone/answer/2819573?hl=en,vpn_server,1768401478643,2026-01-14T14:37:58.643Z,New City,,US,New City,,
89.147.101.140,89.147.101.140,4,NordVPN,https://nordvpn.com,vpn_server,1768207625000,2026-01-12T08:47:05.000Z,,,,,,
178.249.212.35,178.249.212.35,4,NordVPN,https://nordvpn.com,vpn_server,1768312055846,2026-01-13T13:47:35.846Z,"Marseille, France",fr846.nordvpn.com,,,,
162.120.155.136,162.120.155.136,4,VPN by Google,https://support.google.com/pixelphone/answer/2819573?hl=en,vpn_server,1768401480124,2026-01-14T14:38:00.124Z,Asahikawa,,JP,Asahikawa,,
162.120.217.8,162.120.217.8,4,VPN by Google,https://support.google.com/pixelphone/answer/2819573?hl=en,vpn_server,1768401478510,2026-01-14T14:37:58.510Z,Wadowice,,PL,Wadowice,,
162.120.137.41,162.120.137.41,4,VPN by Google,https://support.google.com/pixelphone/answer/2819573?hl=en,vpn_server,1768401480732,2026-01-14T14:38:00.732Z,Kitchener,,CA,Kitchener,,
216.238.122.100,216.238.122.100,4,TunnelBear,https://tunnelbear.com,exit_node,1768401477798,2026-01-14T14:37:57.798Z,,,,,,
172.98.32.28,172.98.32.28,4,ExpressVPN,https://expressvpn.com,exit_node,1768229276820,2026-01-12T14:47:56.820Z,,,,,,
2606:0040:99ca:0000:0000:0000:0000:0000,2606:0040:99ca:ffff:ffff:ffff:ffff:ffff,6,VPN by Google,https://support.google.com/pixelphone/answer/2819573?hl=en,vpn_server,1768401480284,2026-01-14T14:38:00.284Z,Eastbourne,,GB,Eastbourne,,
74.116.3.242,74.116.3.242,4,VPNArea,https://vpnarea.com,vpn_server,1768311956412,2026-01-13T13:45:56.412Z,Germany-Frankfurt-P2P,,,,,
80.246.28.7,80.246.28.7,4,IPVanish,https://ipvanish.com,vpn_server,1768312055846,2026-01-13T13:47:35.846Z,"Tirana, Albania",tia-c04.ipvanish.com,,,,
165.232.150.80,165.232.150.80,4,TunnelBear,https://tunnelbear.com,exit_node,1768401477766,2026-01-14T14:37:57.766Z,,,,,,
141.98.254.174,141.98.254.174,4,MullvadVPN,https://mullvad.net,exit_node,1768243752832,2026-01-12T18:49:12.832Z,dk-cph-ovpn-002,,dk,Copenhagen,55.67594,12.56553
91.205.230.226,91.205.230.226,4,Cryptostorm,https://cryptostorm.is,vpn_server,1768311956028,2026-01-13T13:45:56.028Z,Balancer_UDP,,,,,
162.120.144.79,162.120.144.79,4,VPN by Google,https://support.google.com/pixelphone/answer/2819573?hl=en,vpn_server,1768401479739,2026-01-14T14:37:59.739Z,Ellicott City,,US,Ellicott City,,
84.252.92.28,84.252.92.28,4,Private Internet Access,https://privateinternetaccess.com,exit_node,1767980068131,2026-01-09T17:34:28.131Z,,,,,,
107.151.163.25,107.151.163.25,4,TunnelBear,https://tunnelbear.com,exit_node,1768401477928,2026-01-14T14:37:57.928Z,,,,,,
139.180.207.249,139.180.207.249,4,TunnelBear,https://tunnelbear.com,exit_node,1768401477959,2026-01-14T14:37:57.959Z,,,,,,
2606:0040:21f5:2000:0000:0000:0000:0000,2606:0040:21f5:23ff:ffff:ffff:ffff:ffff,6,VPN by Google,https://support.google.com/pixelphone/answer/2819573?hl=en,vpn_server,1768401478998,2026-01-14T14:37:58.998Z,Prerov,,CZ,Prerov,,
2606:0040:8bf9:0000:0000:0000:0000:0000,2606:0040:8bf9:ffff:ffff:ffff:ffff:ffff,6,VPN by Google,https://support.google.com/pixelphone/answer/2819573?hl=en,vpn_server,1768401479791,2026-01-14T14:37:59.791Z,Ansbach,,DE,Ansbach,,
128.90.161.1,128.90.161.1,4,VyperVPN,https://vypervpn.com,exit_node,1768279235861,2026-01-13T04:40:35.861Z,,,,,,
193.32.126.224,193.32.126.224,4,MullvadVPN,https://mullvad.net,exit_node,1768248198365,2026-01-12T20:03:18.365Z,fr-par-wg-003,,fr,Paris,48.85341,2.3488
2606:0040:9618:0000:0000:0000:0000:0000,2606:0040:9618:ffff:ffff:ffff:ffff:ffff,6,VPN by Google,https://support.google.com/pixelphone/answer/2819573?hl=en,vpn_server,1768401480150,2026-01-14T14:38:00.150Z,Bilbao,,ES,Bilbao,,
169.150.232.145,169.150.232.145,4,NordVPN,https://nordvpn.com,vpn_server,1768312055847,2026-01-13T13:47:35.847Z,"Chicago, United States",us10515.nordvpn.com,,,,
162.120.193.79,162.120.193.79,4,VPN by Google,https://support.google.com/pixelphone/answer/2819573?hl=en,vpn_server,1768401478218,2026-01-14T14:37:58.218Z,Gastonia,,US,Gastonia,,
162.120.222.194,162.120.222.195,4,VPN by Google,https://support.google.com/pixelphone/answer/2819573?hl=en,vpn_server,1768401478544,2026-01-14T14:37:58.544Z,Reno,,US,Reno,,
193.176.211.25,193.176.211.25,4,ExpressVPN,https://expressvpn.com,exit_node,1768204296433,2026-01-12T07:51:36.433Z,,,,,,
136.23.52.108,136.23.52.109,4,VPN by Google,https://support.google.com/pixelphone/answer/2819573?hl=en,vpn_server,1768401478160,2026-01-14T14:37:58.160Z,Brampton,,CA,Brampton,,
162.120.168.5,162.120.168.5,4,VPN by Google,https://support.google.com/pixelphone/answer/2819573?hl=en,vpn_server,1768401480186,2026-01-14T14:38:00.186Z,Nimes,,FR,Nimes,,
162.120.177.109,162.120.177.109,4,VPN by Google,https://support.google.com/pixelphone/answer/2819573?hl=en,vpn_server,1768401480523,2026-01-14T14:38:00.523Z,Taranto,,IT,Taranto,,
188.213.202.84,188.213.202.84,4,ExpressVPN,https://expressvpn.com,exit_node,1764247540200,2025-11-27T12:45:40.200Z,USA - Tampa - 1,,US,Tampa,27.94752,-82.45843
178.132.109.105,178.132.109.105,4,NordVPN,https://nordvpn.com,vpn_server,1768207625000,2026-01-12T08:47:05.000Z,,,,,,
192.169.121.37,192.169.121.37,4,TunnelBear,https://tunnelbear.com,exit_node,1768401477827,2026-01-14T14:37:57.827Z,,,,,,
217.217.121.118,217.217.121.118,4,NordVPN,https://nordvpn.com,vpn_server,1768207625000,2026-01-12T08:47:05.000Z,,,,,,
217.138.195.22,217.138.195.22,4,AirVPN,https://airvpn.org,vpn_server,1768312055845,2026-01-13T13:47:35.845Z,"London, United Kingdom",gb4.vpn.airdns.org,,,,
84.239.52.19,84.239.52.19,4,Private Internet Access,https://privateinternetaccess.com,vpn_server,1768312055851,2026-01-13T13:47:35.851Z,,us-alaska-pf.privacy.network,,,,
116.80.44.144,116.80.44.144,4,V2Ray,,vpn_server,1768311956536,2026-01-13T13:45:56.536Z,,,,,,
38.248.92.153,38.248.92.153,4,TunnelBear,https://tunnelbear.com,exit_node,1768401478001,2026-01-14T14:37:58.001Z,,,,,,
162.120.200.11,162.120.200.11,4,VPN by Google,https://support.google.com/pixelphone/answer/2819573?hl=en,vpn_server,1768401478292,2026-01-14T14:37:58.292Z,Koriyama,,JP,Koriyama,,
2606:0040:2151:2400:0000:0000:0000:0000,2606:0040:2151:27ff:ffff:ffff:ffff:ffff,6,VPN by Google,https://support.google.com/pixelphone/answer/2819573?hl=en,vpn_server,1768401478867,2026-01-14T14:37:58.867Z,Irvine,,US,Irvine,,
93.114.129.234,93.114.129.234,4,NordVPN,https://nordvpn.com,vpn_server,1768207625000,2026-01-12T08:47:05.000Z,,,,,,
149.88.26.213,149.88.26.213,4,Private Internet Access,https://privateinternetaccess.com,exit_node,1767886400664,2026-01-08T15:33:20.664Z,israel,,IL,,,
45.130.203.208,45.130.203.208,4,ExpressVPN,https://expressvpn.com,exit_node,1764706733368,2025-12-02T20:18:53.368Z,Algeria,,DZ,,,
64.64.117.32,64.64.117.32,4,ExpressVPN,https://expressvpn.com,vpn_server,1768312055845,2026-01-13T13:47:35.845Z,,bahamas-ca-version-2.expressnetw.com,,,,
95.179.217.94,95.179.217.94,4,TunnelBear,https://tunnelbear.com,exit_node,1768401477959,2026-01-14T14:37:57.959Z,,,,,,
104.36.180.113,104.36.180.113,4,IPVanish,https://ipvanish.com,vpn_server,1768312055846,2026-01-13T13:47:35.846Z,"Toronto, Canada",tor-b14.ipvanish.com,,,,
162.120.179.11,162.120.179.11,4,VPN by Google,https://support.google.com/pixelphone/answer/2819573?hl=en,vpn_server,1768401480594,2026-01-14T14:38:00.594Z,Shalu District,,TW,Shalu District,,
223.165.69.27,223.165.69.27,4,TunnelBear,https://tunnelbear.com,exit_node,1768401477767,2026-01-14T14:37:57.767Z,,,,,,
185.165.240.79,185.165.240.79,4,ProtonVPN,https://protonvpn.com,exit_node,1768401478069,2026-01-14T14:37:58.069Z,,,,,,
162.120.157.246,162.120.157.246,4,VPN by Google,https://support.google.com/pixelphone/answer/2819573?hl=en,vpn_server,1768401480550,2026-01-14T14:38:00.550Z,Saint-Denis,,FR,Saint-Denis,,
202.49.186.2,202.49.186.2,4,NordVPN,https://nordvpn.com,vpn_server,1768207625000,2026-01-12T08:47:05.000Z,,,,,,
162.120.200.8,162.120.200.8,4,VPN by Google,https://support.google.com/pixelphone/answer/2819573?hl=en,vpn_server,1768401478292,2026-01-14T14:37:58.292Z,Akita,,JP,Akita,,
2.57.170.144,2.57.170.144,4,ExpressVPN,https://expressvpn.com,exit_node,1764676058063,2025-12-02T11:47:38.063Z,Italy - Cosenza,,IT,Cosenza,39.2989,16.25307
84.39.118.123,84.39.118.123,4,UltraVPN,https://ultravpn.com/,exit_node,1764679725225,2025-12-02T12:48:45.225Z,,,,,,
2606:0040:a284:0000:0000:0000:0000:0000,2606:0040:a284:ffff:ffff:ffff:ffff:ffff,6,VPN by Google,https://support.google.com/pixelphone/answer/2819573?hl=en,vpn_server,1768401480598,2026-01-14T14:38:00.598Z,Daejeon,,KR,Daejeon,,
162.120.133.116,162.120.133.116,4,VPN by Google,https://support.google.com/pixelphone/answer/2819573?hl=en,vpn_server,1768401480681,2026-01-14T14:38:00.681Z,Barrie,,CA,Barrie,,
2a00:1678:2470:19:8893:6bd5:2100:e298,2a00:1678:2470:19:8893:6bd5:2100:e298,6,AirVPN,https://airvpn.org,vpn_server,1768312055845,2026-01-13T13:47:35.845Z,"Alblasserdam, Netherlands",nl.ipv6.vpn.airdns.org,,,,
161.35.197.17,161.35.197.17,4,TunnelBear,https://tunnelbear.com,exit_node,1768401477973,2026-01-14T14:37:57.973Z,,,,,,
45.32.145.93,45.32.145.93,4,TunnelBear,https://tunnelbear.com,exit_node,1768401477826,2026-01-14T14:37:57.826Z,,,,,,
144.48.39.187,144.48.39.187,4,NordVPN,https://nordvpn.com,vpn_server,1768312055846,2026-01-13T13:47:35.846Z,"Brisbane, Australia",au738.nordvpn.com,,,,
138.68.162.41,138.68.162.41,4,TunnelBear,https://tunnelbear.com,exit_node,1768401477801,2026-01-14T14:37:57.801Z,,,,,,
162.120.211.80,162.120.211.80,4,VPN by Google,https://support.google.com/pixelphone/answer/2819573?hl=en,vpn_server,1768401478449,2026-01-14T14:37:58.449Z,Mons,,BE,Mons,,
162.120.143.31,162.120.143.31,4,VPN by Google,https://support.google.com/pixelphone/answer/2819573?hl=en,vpn_server,1768401480751,2026-01-14T14:38:00.751Z,Guadalajara,,MX,Guadalajara,,
193.176.211.119,193.176.211.119,4,ExpressVPN,https://expressvpn.com,vpn_server,1768312055845,2026-01-13T13:47:35.845Z,,hongkong-2-ca-version-2.expressnetw.com,,,,
188.214.122.106,188.214.122.106,4,Private Internet Access,https://privateinternetaccess.com,exit_node,1768234468789,2026-01-12T16:14:28.789Z,,,,,,
2606:0040:a068:0000:0000:0000:0000:0000,2606:0040:a068:ffff:ffff:ffff:ffff:ffff,6,VPN by Google,https://support.google.com/pixelphone/answer/2819573?hl=en,vpn_server,1768401480523,2026-01-14T14:38:00.523Z,Cosenza,,IT,Cosenza,,
149.88.109.72,149.88.109.72,4,MullvadVPN,https://mullvad.net,vpn_server,1768312054165,2026-01-13T13:47:34.165Z,"Copenhagen, Denmark",,,,,
217.69.3.15,217.69.3.15,4,TunnelBear,https://tunnelbear.com,exit_node,1768401477753,2026-01-14T14:37:57.753Z,,,,,,
65.20.105.52,65.20.105.52,4,TunnelBear,https://tunnelbear.com,exit_node,1768401478004,2026-01-14T14:37:58.004Z,,,,,,
91.233.1.9,91.233.1.9,4,ExpressVPN,https://expressvpn.com,exit_node,1768236963198,2026-01-12T16:56:03.198Z,,,,,,
2606:0040:9270:0000:0000:0000:0000:0000,2606:0040:9270:ffff:ffff:ffff:ffff:ffff,6,VPN by Google,https://support.google.com/pixelphone/answer/2819573?hl=en,vpn_server,1768401480022,2026-01-14T14:38:00.022Z,Nordhausen,,DE,Nordhausen,,
2606:0040:8acf:0000:0000:0000:0000:0000,2606:0040:8acf:ffff:ffff:ffff:ffff:ffff,6,VPN by Google,https://support.google.com/pixelphone/answer/2819573?hl=en,vpn_server,1768401479753,2026-01-14T14:37:59.753Z,Franklin,,US,Franklin,,
103.1.212.19,103.1.212.19,4,NordVPN,https://nordvpn.com,vpn_server,1768312055846,2026-01-13T13:47:35.846Z,"Sydney, Australia",au700.nordvpn.com,,,,
209.107.210.16,209.107.210.16,4,IPVanish,https://ipvanish.com,vpn_server,1768311955770,2026-01-13T13:45:55.770Z,United States - Chicago a14,,,,,
185.253.160.11,185.253.160.11,4,Private Internet Access,https://privateinternetaccess.com,vpn_server,1768312055851,2026-01-13T13:47:35.851Z,,yerevan.privacy.network,,,,
2606:4700:3032::ac43:d741,2606:4700:3032::ac43:d741,6,V2Ray,,vpn_server,1768311956508,2026-01-13T13:45:56.508Z,,,,,,
162.120.152.84,162.120.152.84,4,VPN by Google,https://support.google.com/pixelphone/answer/2819573?hl=en,vpn_server,1768401479940,2026-01-14T14:37:59.940Z,Walsrode,,DE,Walsrode,,
162.120.146.164,162.120.146.164,4,VPN by Google,https://support.google.com/pixelphone/answer/2819573?hl=en,vpn_server,1768401479811,2026-01-14T14:37:59.811Z,Radeberg,,DE,Radeberg,,
149.22.82.55,149.22.82.55,4,ProtonVPN,https://protonvpn.com,vpn_server,1768311956273,2026-01-13T13:45:56.273Z,ca.protonvpn.tcp,,,,,
185.234.68.112,185.234.68.112,4,NordVPN,https://nordvpn.com,vpn_server,1768312055847,2026-01-13T13:47:35.847Z,"Reykjavik, Iceland",is69.nordvpn.com,,,,
162.120.156.35,162.120.156.35,4,VPN by Google,https://support.google.com/pixelphone/answer/2819573?hl=en,vpn_server,1768401480010,2026-01-14T14:38:00.010Z,Hof,,DE,Hof,,
209.99.1.26,209.99.1.26,4,VyprVPN,https://vyprvpn.com,vpn_server,1768312055853,2026-01-13T13:47:35.853Z,,mv1.vyprvpn.com,,,,
162.120.173.181,162.120.173.181,4,VPN by Google,https://support.google.com/pixelphone/answer/2819573?hl=en,vpn_server,1768401480358,2026-01-14T14:38:00.358Z,Dax,,FR,Dax,,
107.191.49.113,107.191.49.113,4,TunnelBear,https://tunnelbear.com,exit_node,1768401478038,2026-01-14T14:37:58.038Z,,,,,,
185.204.1.186,185.204.1.186,4,MullvadVPN,https://mullvad.net,exit_node,1768260822460,2026-01-12T23:33:42.460Z,fi-hel-ovpn-006,,fi,Helsinki,60.16952,24.93545
2606:0040:a4ac:0000:0000:0000:0000:0000,2606:0040:a4ac:ffff:ffff:ffff:ffff:ffff,6,VPN by Google,https://support.google.com/pixelphone/answer/2819573?hl=en,vpn_server,1768401480676,2026-01-14T14:38:00.676Z,Minxiong Township,,TW,Minxiong Township,,
162.120.193.226,162.120.193.226,4,VPN by Google,https://support.google.com/pixelphone/answer/2819573?hl=en,vpn_server,1768401478228,2026-01-14T14:37:58.228Z,CM,,CM,,,
162.120.180.11,162.120.180.11,4,VPN by Google,https://support.google.com/pixelphone/answer/2819573?hl=en,vpn_server,1768401480612,2026-01-14T14:38:00.612Z,Shalu District,,TW,Shalu District,,
162.120.140.115,162.120.140.115,4,VPN by Google,https://support.google.com/pixelphone/answer/2819573?hl=en,vpn_server,1768401479674,2026-01-14T14:37:59.674Z,Augusta,,US,Augusta,,
2606:0040:8def:0000:0000:0000:0000:0000,2606:0040:8def:ffff:ffff:ffff:ffff:ffff,6,VPN by Google,https://support.google.com/pixelphone/answer/2819573?hl=en,vpn_server,1768401479864,2026-01-14T14:37:59.864Z,Prescott,,US,Prescott,,
65.20.104.60,65.20.104.60,4,TunnelBear,https://tunnelbear.com,exit_node,1768401477872,2026-01-14T14:37:57.872Z,,,,,,
2606:0040:220d:4000:0000:0000:0000:0000,2606:0040:220d:43ff:ffff:ffff:ffff:ffff,6,VPN by Google,https://support.google.com/pixelphone/answer/2819573?hl=en,vpn_server,1768401479025,2026-01-14T14:37:59.025Z,Paisley,,GB,Paisley,,
108.181.50.78,108.181.50.78,4,PureVPN,https://purevpn.com,exit_node,1768282498719,2026-01-13T05:34:58.719Z,kr2-auto-udp-qr,,KR,,,
158.173.152.16,158.173.152.16,4,Private Internet Access,https://privateinternetaccess.com,exit_node,1767817084428,2026-01-07T20:18:04.428Z,,,,,,
207.148.95.194,207.148.95.194,4,TunnelBear,https://tunnelbear.com,exit_node,1768401477927,2026-01-14T14:37:57.927Z,,,,,,
95.181.234.12,95.181.234.12,4,Private Internet Access,https://privateinternetaccess.com,vpn_server,1768312055851,2026-01-13T13:47:35.851Z,,qatar.privacy.network,,,,
188.126.94.49,188.126.94.49,4,Private Internet Access,https://privateinternetaccess.com,vpn_server,1768312055851,2026-01-13T13:47:35.851Z,,denmark-2.privacy.network,,,,
136.22.21.0,136.22.21.31,4,VPN by Google,https://support.google.com/pixelphone/answer/2819573?hl=en,vpn_server,1768401479384,2026-01-14T14:37:59.384Z,US,,US,,,
165.231.182.49,165.231.182.49,4,Private Internet Access,https://privateinternetaccess.com,exit_node,1767894547505,2026-01-08T17:49:07.505Z,,,,,,
45.250.252.183,45.250.252.183,4,TunnelBear,https://tunnelbear.com,exit_node,1768401477988,2026-01-14T14:37:57.988Z,,,,,,
216.238.116.121,216.238.116.121,4,TunnelBear,https://tunnelbear.com,exit_node,1768401477766,2026-01-14T14:37:57.766Z,,,,,,
162.120.216.252,162.120.216.252,4,VPN by Google,https://support.google.com/pixelphone/answer/2819573?hl=en,vpn_server,1768401478510,2026-01-14T14:37:58.510Z,Helsinki,,FI,Helsinki,,
85.190.238.149,85.190.238.149,4,NordVPN,https://nordvpn.com,exit_node,1765779490012,2025-12-15T06:18:10.012Z,dk265,,DK,,,
162.120.196.48,162.120.196.48,4,VPN by Google,https://support.google.com/pixelphone/answer/2819573?hl=en,vpn_server,1768401478248,2026-01-14T14:37:58.248Z,Woodstock,,US,Woodstock,,
192.200.148.42,192.200.148.42,4,IPVanish,https://ipvanish.com,vpn_server,1768312055846,2026-01-13T13:47:35.846Z,"Atlanta, United States",atl-b69.ipvanish.com,,,,
104.166.164.70,104.166.164.70,4,TunnelBear,https://tunnelbear.com,exit_node,1768401477747,2026-01-14T14:37:57.747Z,,,,,,
136.244.112.22,136.244.112.22,4,TunnelBear,https://tunnelbear.com,exit_node,1768401477962,2026-01-14T14:37:57.962Z,,,,,,
192.166.244.120,192.166.244.120,4,NordVPN,https://nordvpn.com,vpn_server,1768312055847,2026-01-13T13:47:35.847Z,"Hong Kong, Hong Kong",hk301.nordvpn.com,,,,
217.69.7.205,217.69.7.205,4,TunnelBear,https://tunnelbear.com,exit_node,1768401477926,2026-01-14T14:37:57.926Z,,,,,,
2606:4700:20::681a:38a,2606:4700:20::681a:38a,6,V2Ray,,vpn_server,1768311956527,2026-01-13T13:45:56.527Z,,,,,,
162.120.150.51,162.120.150.51,4,VPN by Google,https://support.google.com/pixelphone/answer/2819573?hl=en,vpn_server,1768401479893,2026-01-14T14:37:59.893Z,Hayward,,US,Hayward,,
31.187.69.34,31.187.69.34,4,NordVPN,https://nordvpn.com,vpn_server,1768312055847,2026-01-13T13:47:35.847Z,"Paris, France",fr889.nordvpn.com,,,,
162.120.173.240,162.120.173.241,4,VPN by Google,https://support.google.com/pixelphone/answer/2819573?hl=en,vpn_server,1768401480367,2026-01-14T14:38:00.367Z,Birmingham,,GB,Birmingham,,
102.129.234.72,102.129.234.72,4,Private Internet Access,https://privateinternetaccess.com,exit_node,1768035876549,2026-01-10T09:04:36.549Z,,,,,,
37.235.49.74,37.235.49.74,4,TotalVPN,https://totalvpn.com,vpn_server,1768311955852,2026-01-13T13:45:55.852Z,Keflavik - IS,,,,,
136.244.116.134,136.244.116.134,4,TunnelBear,https://tunnelbear.com,exit_node,1768401477795,2026-01-14T14:37:57.795Z,,,,,,
128.90.61.4,128.90.61.4,4,VyperVPN,https://vypervpn.com,exit_node,1768241814459,2026-01-12T18:16:54.459Z,,,,,,
162.120.157.86,162.120.157.86,4,VPN by Google,https://support.google.com/pixelphone/answer/2819573?hl=en,vpn_server,1768401480035,2026-01-14T14:38:00.035Z,Rheine,,DE,Rheine,,
162.120.193.163,162.120.193.163,4,VPN by Google,https://support.google.com/pixelphone/answer/2819573?hl=en,vpn_server,1768401478223,2026-01-14T14:37:58.223Z,Strongsville,,US,Strongsville,,
216.151.183.138,216.151.183.138,4,IPVanish,https://ipvanish.com,vpn_server,1768312001876,2026-01-13T13:46:41.876Z,ipvanish-PL-Warsaw-waw-b23,,,,,
45.76.47.21,45.76.47.21,4,TunnelBear,https://tunnelbear.com,exit_node,1768401478023,2026-01-14T14:37:58.023Z,,,,,,
134.122.73.96,134.122.73.96,4,TunnelBear,https://tunnelbear.com,exit_node,1768401477823,2026-01-14T14:37:57.823Z,,,,,,
45.86.202.150,45.86.202.150,4,ExpressVPN,https://expressvpn.com,exit_node,1764702593692,2025-12-02T19:09:53.692Z,Germany - Frankfurt - 1,,DE,Frankfurt,50.11552,8.68417
103.219.169.183,103.219.169.183,4,TunnelBear,https://tunnelbear.com,exit_node,1768401477825,2026-01-14T14:37:57.825Z,,,,,,
107.181.189.194,107.181.189.194,4,VPNArea,https://vpnarea.com,vpn_server,1768311956410,2026-01-13T13:45:56.410Z,Canada-Vancouver-P2P,,,,,
136.23.21.41,136.23.21.41,4,VPN by Google,https://support.google.com/pixelphone/answer/2819573?hl=en,vpn_server,1768401479343,2026-01-14T14:37:59.343Z,SH,,SH,,,
192.200.149.199,192.200.149.199,4,IPVanish,https://ipvanish.com,vpn_server,1768312055846,2026-01-13T13:47:35.846Z,"Atlanta, United States",atl-a26.ipvanish.com,,,,
2606:0040:2188:2000:0000:0000:0000:0000,2606:0040:2188:23ff:ffff:ffff:ffff:ffff,6,VPN by Google,https://support.google.com/pixelphone/answer/2819573?hl=en,vpn_server,1768401478911,2026-01-14T14:37:58.911Z,General Escobedo,,MX,General Escobedo,,
91.148.241.0,91.148.241.127,4,Privado,https://privado.com,exit_node,1768401477740,2026-01-14T14:37:57.740Z,,,NL,Amsterdam,52.37403,4.88969
212.102.44.113,212.102.44.113,4,Surfshark,https://surfshark.com,vpn_server,1768312055852,2026-01-13T13:47:35.852Z,"Denver, United States",us-den.prod.surfshark.com,,,,
173.255.172.84,173.255.172.84,4,IPVanish,https://ipvanish.com,exit_node,1768238848233,2026-01-12T17:27:28.233Z,,,,,,
103.137.15.27,103.137.15.27,4,NordVPN,https://nordvpn.com,vpn_server,1768312055846,2026-01-13T13:47:35.846Z,"Melbourne, Australia",au690.nordvpn.com,,,,
162.120.132.21,162.120.132.21,4,VPN by Google,https://support.google.com/pixelphone/answer/2819573?hl=en,vpn_server,1768401479486,2026-01-14T14:37:59.486Z,Norwich,,US,Norwich,,
162.120.168.229,162.120.168.229,4,VPN by Google,https://support.google.com/pixelphone/answer/2819573?hl=en,vpn_server,1768401480218,2026-01-14T14:38:00.218Z,Emmen,,NL,Emmen,,
108.171.102.136,108.171.102.136,4,IPVanish,https://ipvanish.com,vpn_server,1768312024886,2026-01-13T13:47:04.886Z,ipvanish-US-Denver-den-c09,,,,,
141.98.101.132,141.98.101.132,4,AirVPN,https://airvpn.org,vpn_server,1768312055845,2026-01-13T13:47:35.845Z,"Manchester, United Kingdom",gb.vpn.airdns.org,,,,
162.120.168.2,162.120.168.2,4,VPN by Google,https://support.google.com/pixelphone/answer/2819573?hl=en,vpn_server,1768401480186,2026-01-14T14:38:00.186Z,Montpellier,,FR,Montpellier,,
65.20.104.138,65.20.104.138,4,TunnelBear,https://tunnelbear.com,exit_node,1768401478045,2026-01-14T14:37:58.045Z,,,,,,
162.120.158.82,162.120.158.82,4,VPN by Google,https://support.google.com/pixelphone/answer/2819573?hl=en,vpn_server,1768401480049,2026-01-14T14:38:00.049Z,Wakayama,,JP,Wakayama,,
2606:0040:9a7f:0000:0000:0000:0000:0000,2606:0040:9a7f:ffff:ffff:ffff:ffff:ffff,6,VPN by Google,https://support.google.com/pixelphone/answer/2819573?hl=en,vpn_server,1768401480308,2026-01-14T14:38:00.308Z,Doetinchem,,NL,Doetinchem,,
142.234.204.2,142.234.204.2,4,Windscribe,https://windscribe.com,vpn_server,1768312055853,2026-01-13T13:47:35.853Z,,us-east-119.whiskergalaxy.com,,,,
162.120.197.58,162.120.197.58,4,VPN by Google,https://support.google.com/pixelphone/answer/2819573?hl=en,vpn_server,1768401478264,2026-01-14T14:37:58.264Z,Santiago de Queretaro,,MX,Santiago de Queretaro,,
146.70.144.39,146.70.144.39,4,MullvadVPN,https://mullvad.net,exit_node,1768303934355,2026-01-13T11:32:14.355Z,pl-waw-wg-202,,pl,Warsaw,52.22977,21.01178
162.120.157.209,162.120.157.209,4,VPN by Google,https://support.google.com/pixelphone/answer/2819573?hl=en,vpn_server,1768401480544,2026-01-14T14:38:00.544Z,Vertou,,FR,Vertou,,
143.244.57.86,143.244.57.86,4,Surfshark,https://surfshark.com,exit_node,1767969263245,2026-01-09T14:34:23.245Z,fr-par.prod.surfshark.com_udp.ovpn,,FR,paris,48.85341,2.3488
136.244.112.188,136.244.112.188,4,TunnelBear,https://tunnelbear.com,exit_node,1768401477773,2026-01-14T14:37:57.773Z,,,,,,
2606:0040:22f8:a000:0000:0000:0000:0000,2606:0040:22f8:a3ff:ffff:ffff:ffff:ffff,6,VPN by Google,https://support.google.com/pixelphone/answer/2819573?hl=en,vpn_server,1768401479180,2026-01-14T14:37:59.180Z,ME,,ME,,,
185.236.200.244,185.236.200.244,4,ProtonVPN,https://protonvpn.com,exit_node,1768401478084,2026-01-14T14:37:58.084Z,,,,,,
91.196.220.48,91.196.220.48,4,NordVPN,https://nordvpn.com,vpn_server,1768312055847,2026-01-13T13:47:35.847Z,"Los Angeles, United States",us8585.nordvpn.com,,,,
181.214.218.40,181.214.218.40,4,Private Internet Access,https://privateinternetaccess.com,exit_node,1768167498001,2026-01-11T21:38:18.001Z,belgium,,BE,,,
91.99.168.213,91.99.168.213,4,V2Ray,,vpn_server,1768311956465,2026-01-13T13:45:56.465Z,,,,,,
2606:0040:817c:0000:0000:0000:0000:0000,2606:0040:817c:ffff:ffff:ffff:ffff:ffff,6,VPN by Google,https://support.google.com/pixelphone/answer/2819573?hl=en,vpn_server,1768401479433,2026-01-14T14:37:59.433Z,Birmingham,,US,Birmingham,,
45.10.152.41,45.10.152.41,4,NordVPN,https://nordvpn.com,exit_node,1765821462277,2025-12-15T17:57:42.277Z,dk202,,DK,,,
162.120.153.204,162.120.153.204,4,VPN by Google,https://support.google.com/pixelphone/answer/2819573?hl=en,vpn_server,1768401480410,2026-01-14T14:38:00.410Z,Odense,,DK,Odense,,
162.120.139.42,162.120.139.43,4,VPN by Google,https://support.google.com/pixelphone/answer/2819573?hl=en,vpn_server,1768401480725,2026-01-14T14:38:00.725Z,London,,CA,London,,
185.81.126.21,185.81.126.21,4,NordVPN,https://nordvpn.com,vpn_server,1768207625000,2026-01-12T08:47:05.000Z,,,,,,
162.120.216.57,162.120.216.57,4,VPN by Google,https://support.google.com/pixelphone/answer/2819573?hl=en,vpn_server,1768401478501,2026-01-14T14:37:58.501Z,TR,,TR,,,
146.70.242.8,146.70.242.8,4,TunnelBear,https://tunnelbear.com,exit_node,1768401478027,2026-01-14T14:37:58.027Z,,,,,,
185.81.125.23,185.81.125.23,4,NordVPN,https://nordvpn.com,vpn_server,1768207625000,2026-01-12T08:47:05.000Z,,,,,,
165.227.131.41,165.227.131.41,4,TunnelBear,https://tunnelbear.com,exit_node,1768401477940,2026-01-14T14:37:57.940Z,,,,,,
156.146.55.14,156.146.55.14,4,NordVPN,https://nordvpn.com,vpn_server,1768312055846,2026-01-13T13:47:35.846Z,"Sofia, Bulgaria",bg56.nordvpn.com,,,,
209.127.34.202,209.127.34.202,4,TorGuard,https://torguard.net,vpn_server,1768312055852,2026-01-13T13:47:35.852Z,"Vancouver, Canada",cavan.torguard.com,,,,
193.9.36.3,193.9.36.3,4,ProtonVPN,https://protonvpn.com,exit_node,1768217780588,2026-01-12T11:36:20.588Z,,,,,,
162.120.129.128,162.120.129.128,4,VPN by Google,https://support.google.com/pixelphone/answer/2819573?hl=en,vpn_server,1768401480716,2026-01-14T14:38:00.716Z,Oshawa,,CA,Oshawa,,
2606:0040:8904:0000:0000:0000:0000:0000,2606:0040:8904:ffff:ffff:ffff:ffff:ffff,6,VPN by Google,https://support.google.com/pixelphone/answer/2819573?hl=en,vpn_server,1768401479691,2026-01-14T14:37:59.691Z,El Paso,,US,El Paso,,
45.133.193.43,45.133.193.43,4,Private Internet Access,https://privateinternetaccess.com,vpn_server,1768312055851,2026-01-13T13:47:35.851Z,,is.privacy.network,,,,
95.181.238.70,95.181.238.70,4,Private Internet Access,https://privateinternetaccess.com,exit_node,1767808567608,2026-01-07T17:56:07.608Z,bahamas,,BS,,,
78.159.112.214,78.159.112.214,4,VPN.ac,https://vpn.ac,vpn_server,1768311956401,2026-01-13T13:45:56.401Z,germany-aes256-tcp,,,,,
98.98.33.116,98.98.33.116,4,TunnelBear,https://tunnelbear.com,exit_node,1768401477947,2026-01-14T14:37:57.947Z,,,,,,
146.70.183.187,146.70.183.187,4,Surfshark,https://surfshark.com,vpn_server,1768312055852,2026-01-13T13:47:35.852Z,"Miami, United States",us-mia.prod.surfshark.com,,,,
185.232.20.67,185.232.20.67,4,NordVPN,https://nordvpn.com,vpn_server,1768207625000,2026-01-12T08:47:05.000Z,,,,,,
82.102.22.227,82.102.22.227,4,NordVPN,https://nordvpn.com,vpn_server,1768312055847,2026-01-13T13:47:35.847Z,"Oslo, Norway",no183.nordvpn.com,,,,
128.90.173.19,128.90.173.19,4,VyperVPN,https://vypervpn.com,exit_node,1768307047797,2026-01-13T12:24:07.797Z,Lithuania,,LT,,,
191.96.67.115,191.96.67.115,4,Private Internet Access,https://privateinternetaccess.com,vpn_server,1768312055131,2026-01-13T13:47:35.131Z,,,,,,
162.120.194.60,162.120.194.60,4,VPN by Google,https://support.google.com/pixelphone/answer/2819573?hl=en,vpn_server,1768401478232,2026-01-14T14:37:58.232Z,Rockledge,,US,Rockledge,,
45.32.61.78,45.32.61.78,4,TunnelBear,https://tunnelbear.com,exit_node,1768401477971,2026-01-14T14:37:57.971Z,,,,,,
64.44.63.98,64.44.63.98,4,TorGuard,https://torguard.net,vpn_server,1768312055852,2026-01-13T13:47:35.852Z,"Chicago, USA",us-chi-loc2.torguard.com,,,,
162.120.194.178,162.120.194.178,4,VPN by Google,https://support.google.com/pixelphone/answer/2819573?hl=en,vpn_server,1768401478239,2026-01-14T14:37:58.239Z,Nashville,,US,Nashville,,
85.203.20.17,85.203.20.17,4,ExpressVPN,https://expressvpn.com,exit_node,1764706681816,2025-12-02T20:18:01.816Z,Croatia,,HR,,,
2606:0040:2146:4000:0000:0000:0000:0000,2606:0040:2146:43ff:ffff:ffff:ffff:ffff,6,VPN by Google,https://support.google.com/pixelphone/answer/2819573?hl=en,vpn_server,1768401478854,2026-01-14T14:37:58.854Z,Sanford,,US,Sanford,,
37.120.210.91,37.120.210.91,4,NordVPN,https://nordvpn.com,vpn_server,1768312055847,2026-01-13T13:47:35.847Z,"Tokyo, Japan",jp583.nordvpn.com,,,,
2606:4700:20::6818:c514,2606:4700:20::6818:c514,6,V2Ray,,vpn_server,1768311956537,2026-01-13T13:45:56.537Z,,,,,,
2606:0040:82cf:0000:0000:0000:0000:0000,2606:0040:82cf:ffff:ffff:ffff:ffff:ffff,6,VPN by Google,https://support.google.com/pixelphone/answer/2819573?hl=en,vpn_server,1768401479480,2026-01-14T14:37:59.480Z,Sugar Land,,US,Sugar Land,,
185.214.98.213,185.214.98.213,4,NordVPN,https://nordvpn.com,vpn_server,1768207625000,2026-01-12T08:47:05.000Z,,,,,,
82.102.23.119,82.102.23.119,4,TunnelBear,https://tunnelbear.com,exit_node,1768401477896,2026-01-14T14:37:57.896Z,,,,,,
198.13.34.232,198.13.34.232,4,TunnelBear,https://tunnelbear.com,exit_node,1768401477840,2026-01-14T14:37:57.840Z,,,,,,
65.20.109.127,65.20.109.127,4,TunnelBear,https://tunnelbear.com,exit_node,1768401477907,2026-01-14T14:37:57.907Z,,,,,,
216.73.163.197,216.73.163.197,4,ExpressVPN,https://expressvpn.com,exit_node,1764251424487,2025-11-27T13:50:24.487Z,USA - San Francisco,,US,San Francisco,37.77493,-122.41942
86.38.98.27,86.38.98.27,4,Surfshark,https://surfshark.com,exit_node,1767889039858,2026-01-08T16:17:19.858Z,de-ber.prod.surfshark.com_udp.ovpn,,DE,berlin,52.52437,13.41053
167.179.70.162,167.179.70.162,4,TunnelBear,https://tunnelbear.com,exit_node,1768401477747,2026-01-14T14:37:57.747Z,,,,,,
2a0d:5600:8:3d:9e4a:98f5:fee3:1369,2a0d:5600:8:3d:9e4a:98f5:fee3:1369,6,AirVPN,https://airvpn.org,vpn_server,1768312055845,2026-01-13T13:47:35.845Z,"Los Angeles, United States",us4.ipv6.vpn.airdns.org,,,,
185.24.11.166,185.24.11.166,4,MullvadVPN,https://mullvad.net,exit_node,1768297159236,2026-01-13T09:39:19.236Z,at-vie-wg-102,,at,Vienna,48.20849,16.37208
146.70.38.24,146.70.38.24,4,Private Internet Access,https://privateinternetaccess.com,exit_node,1767769814717,2026-01-07T07:10:14.717Z,,,,,,
138.199.34.2,138.199.34.2,4,NordVPN,https://nordvpn.com,vpn_server,1768312055847,2026-01-13T13:47:35.847Z,"Bratislava, Slovakia",sk55.nordvpn.com,,,,
45.149.173.217,45.149.173.217,4,Surfshark,https://surfshark.com,exit_node,1768166642103,2026-01-11T21:24:02.103Z,us-lax.prod.surfshark.com_udp.ovpn,,US,los angeles,34.05223,-118.24368
37.19.213.2,37.19.213.2,4,NordVPN,https://nordvpn.com,vpn_server,1768312055846,2026-01-13T13:47:35.846Z,"Toronto, Canada",ca1437.nordvpn.com,,,,
84.239.42.147,84.239.42.147,4,CyberGhostVPN,https://cyberghostvpn.com,vpn_server,1768311955692,2026-01-13T13:45:55.692Z,Ukraine,,,,,
212.102.51.111,212.102.51.111,4,ProtonVPN,https://protonvpn.com,exit_node,1768401478078,2026-01-14T14:37:58.078Z,,,,,,
128.199.219.155,128.199.219.155,4,ibVPN,https://ibvpn.com,vpn_server,1768311955987,2026-01-13T13:45:55.987Z,Singapore - Singapore 2,,,,,
2606:0040:2501:e000:0000:0000:0000:0000,2606:0040:2501:ffff:ffff:ffff:ffff:ffff,6,VPN by Google,https://support.google.com/pixelphone/answer/2819573?hl=en,vpn_server,1768401479243,2026-01-14T14:37:59.243Z,Washington,,US,Washington,,
162.120.158.98,162.120.158.98,4,VPN by Google,https://support.google.com/pixelphone/answer/2819573?hl=en,vpn_server,1768401480052,2026-01-14T14:38:00.052Z,Okinawa,,JP,Okinawa,,
146.70.144.34,146.70.144.34,4,MullvadVPN,https://mullvad.net,vpn_server,1768312055846,2026-01-13T13:47:35.846Z,"Warsaw, Poland",pl-waw-wg-202,,,,
104.26.15.85,104.26.15.85,4,V2Ray,,vpn_server,1768311956520,2026-01-13T13:45:56.520Z,,,,,,
91.233.0.21,91.233.0.21,4,ExpressVPN,https://expressvpn.com,exit_node,1764687836785,2025-12-02T15:03:56.785Z,,,,,,
2606:0040:a553:0000:0000:0000:0000:0000,2606:0040:a553:ffff:ffff:ffff:ffff:ffff,6,VPN by Google,https://support.google.com/pixelphone/answer/2819573?hl=en,vpn_server,1768401480699,2026-01-14T14:38:00.699Z,Tonala,,MX,Tonala,,
136.144.33.146,136.144.33.146,4,ExpressVPN,https://expressvpn.com,exit_node,1764689387333,2025-12-02T15:29:47.333Z,USA - Los Angeles - 1,,US,Los Angeles,34.05223,-118.24368
128.90.159.11,128.90.159.11,4,VyperVPN,https://vypervpn.com,exit_node,1768227627641,2026-01-12T14:20:27.641Z,Sweden,,SE,,,
185.253.160.136,185.253.160.136,4,CyberGhostVPN,https://cyberghostvpn.com,vpn_server,1768312055845,2026-01-13T13:47:35.845Z,,87-1-am.cg-dialup.net,,,,
128.199.22.195,128.199.22.195,4,SmartDNSProxy VPN,https://smartdnsproxy.com,vpn_server,1768311956314,2026-01-13T13:45:56.314Z,India-Bangalore2_UDP1195_SMART,,,,,
142.93.105.183,142.93.105.183,4,TunnelBear,https://tunnelbear.com,exit_node,1768401478033,2026-01-14T14:37:58.033Z,,,,,,
64.31.4.86,64.31.4.86,4,TunnelBear,https://tunnelbear.com,exit_node,1768401477868,2026-01-14T14:37:57.868Z,,,,,,
2607:9000:3000:38:c20a:eb16:7ae8:682,2607:9000:3000:38:c20a:eb16:7ae8:682,6,AirVPN,https://airvpn.org,vpn_server,1768312051271,2026-01-13T13:47:31.271Z,"Los Angeles, United States",,,,,
156.146.60.135,156.146.60.135,4,Private Internet Access,https://privateinternetaccess.com,vpn_server,1768312055851,2026-01-13T13:47:35.851Z,,austria.privacy.network,,,,
162.120.133.105,162.120.133.105,4,VPN by Google,https://support.google.com/pixelphone/answer/2819573?hl=en,vpn_server,1768401479532,2026-01-14T14:37:59.532Z,Huntington,,US,Huntington,,
36.255.207.64,36.255.207.64,4,IPVanish,https://ipvanish.com,vpn_server,1768312055846,2026-01-13T13:47:35.846Z,"Tokyo, Japan",nrt-c23.ipvanish.com,,,,
156.59.233.200,156.59.233.200,4,IPVanish,https://ipvanish.com,vpn_server,1768312055846,2026-01-13T13:47:35.846Z,"Manila, Philippines",mnl-c07.ipvanish.com,,,,
84.239.7.8,84.239.7.8,4,Private Internet Access,https://privateinternetaccess.com,vpn_server,1768312055851,2026-01-13T13:47:35.851Z,,us-north-carolina-pf.privacy.network,,,,
195.181.171.237,195.181.171.237,4,Surfshark,https://surfshark.com,exit_node,1768105435569,2026-01-11T04:23:55.569Z,us-atl.prod.surfshark.com_udp.ovpn,,US,atlanta,33.749,-84.38798
37.19.198.55,37.19.198.55,4,Private Internet Access,https://privateinternetaccess.com,vpn_server,1768312055851,2026-01-13T13:47:35.851Z,,us-newyorkcity.privacy.network,,,,
212.102.39.207,212.102.39.207,4,Private Internet Access,https://privateinternetaccess.com,vpn_server,1768312055851,2026-01-13T13:47:35.851Z,,czech.privacy.network,,,,
2606:0040:a514:0000:0000:0000:0000:0000,2606:0040:a514:ffff:ffff:ffff:ffff:ffff,6,VPN by Google,https://support.google.com/pixelphone/answer/2819573?hl=en,vpn_server,1768401480690,2026-01-14T14:38:00.690Z,Amozoc de Mota,,MX,Amozoc de Mota,,
162.120.205.109,162.120.205.109,4,VPN by Google,https://support.google.com/pixelphone/answer/2819573?hl=en,vpn_server,1768401478370,2026-01-14T14:37:58.370Z,Zwolle,,NL,Zwolle,,
162.120.193.7,162.120.193.7,4,VPN by Google,https://support.google.com/pixelphone/answer/2819573?hl=en,vpn_server,1768401478213,2026-01-14T14:37:58.213Z,New Britain,,US,New Britain,,
162.120.173.72,162.120.173.72,4,VPN by Google,https://support.google.com/pixelphone/answer/2819573?hl=en,vpn_server,1768401480342,2026-01-14T14:38:00.342Z,Melun,,FR,Melun,,
195.181.168.173,195.181.168.173,4,Hide My Ass VPN,https://hidemyass.com,vpn_server,1768311955720,2026-01-13T13:45:55.720Z,USA - New York Manhattan,,,,,
2606:4700:3037::6815:3673,2606:4700:3037::6815:3673,6,V2Ray,,vpn_server,1768311956482,2026-01-13T13:45:56.482Z,,,,,,
84.239.12.140,84.239.12.140,4,Private Internet Access,https://privateinternetaccess.com,vpn_server,1768312055851,2026-01-13T13:47:35.851Z,,us-idaho-pf.privacy.network,,,,
2606:0040:2065:9800:0000:0000:0000:0000,2606:0040:2065:9bff:ffff:ffff:ffff:ffff,6,VPN by Google,https://support.google.com/pixelphone/answer/2819573?hl=en,vpn_server,1768401478691,2026-01-14T14:37:58.691Z,The Woodlands,,US,The Woodlands,,
89.222.103.2,89.222.103.2,4,ProtonVPN,https://protonvpn.com,vpn_server,1768312055852,2026-01-13T13:47:35.852Z,"Atlanta, United States",node-us-397.protonvpn.net,,,,
84.239.43.145,84.239.43.145,4,Private Internet Access,https://privateinternetaccess.com,vpn_server,1768312055851,2026-01-13T13:47:35.851Z,,us-wilmington.privacy.network,,,,
146.70.83.202,146.70.83.202,4,TorGuard,https://torguard.net,vpn_server,1768312055852,2026-01-13T13:47:35.852Z,"London, UK",uk.torguard.com,,,,
45.86.201.67,45.86.201.67,4,ExpressVPN,https://expressvpn.com,exit_node,1764697346617,2025-12-02T17:42:26.617Z,Iceland,,IS,,,
2606:0040:9680:0000:0000:0000:0000:0000,2606:0040:9680:ffff:ffff:ffff:ffff:ffff,6,VPN by Google,https://support.google.com/pixelphone/answer/2819573?hl=en,vpn_server,1768401480164,2026-01-14T14:38:00.164Z,Saint-Avold,,FR,Saint-Avold,,
108.181.123.74,108.181.123.74,4,FastestVPN,https://fastestvpn.com,vpn_server,1768312055845,2026-01-13T13:47:35.845Z,,nl-01.jumptoserver.com,,,,
185.187.168.176,185.187.168.176,4,NordVPN,https://nordvpn.com,vpn_server,1768312055848,2026-01-13T13:47:35.848Z,"San Francisco, United States",us9670.nordvpn.com,,,,
173.255.166.232,173.255.166.232,4,IPVanish,https://ipvanish.com,vpn_server,1768312023736,2026-01-13T13:47:03.736Z,ipvanish-US-Dallas-dal-b93,,,,,
162.120.163.195,162.120.163.195,4,VPN by Google,https://support.google.com/pixelphone/answer/2819573?hl=en,vpn_server,1768401480645,2026-01-14T14:38:00.645Z,Daan District,,TW,Daan District,,
216.131.112.44,216.131.112.44,4,IPVanish,https://ipvanish.com,vpn_server,1768312055846,2026-01-13T13:47:35.846Z,"Amsterdam, Netherlands",ams-c08.ipvanish.com,,,,
154.47.29.240,154.47.29.240,4,CyberGhostVPN,https://cyberghostvpn.com,vpn_server,1768311955669,2026-01-13T13:45:55.669Z,Croatia,,,,,
162.120.227.152,162.120.227.159,4,VPN by Google,https://support.google.com/pixelphone/answer/2819573?hl=en,vpn_server,1768401478553,2026-01-14T14:37:58.553Z,Warsaw,,PL,Warsaw,,
179.61.228.173,179.61.228.173,4,Private Internet Access,https://privateinternetaccess.com,vpn_server,1768312055851,2026-01-13T13:47:35.851Z,,aus-perth.privacy.network,,,,
145.223.7.33,145.223.7.33,4,Surfshark,https://surfshark.com,vpn_server,1768312055852,2026-01-13T13:47:35.852Z,"Omaha, United States",us-oma.prod.surfshark.com,,,,
2606:0040:a293:0000:0000:0000:0000:0000,2606:0040:a293:ffff:ffff:ffff:ffff:ffff,6,VPN by Google,https://support.google.com/pixelphone/answer/2819573?hl=en,vpn_server,1768401480600,2026-01-14T14:38:00.600Z,Pyeongtaek-si,,KR,Pyeongtaek-si,,
173.239.217.144,173.239.217.144,4,Private Internet Access,https://privateinternetaccess.com,vpn_server,1768312055851,2026-01-13T13:47:35.851Z,,ad.privacy.network,,,,
84.239.7.149,84.239.7.149,4,Private Internet Access,https://privateinternetaccess.com,vpn_server,1768312055851,2026-01-13T13:47:35.851Z,,us-south-carolina-pf.privacy.network,,,,
217.216.98.103,217.216.98.103,4,NordVPN,https://nordvpn.com,vpn_server,1768207625000,2026-01-12T08:47:05.000Z,,,,,,
2606:0040:8d75:0000:0000:0000:0000:0000,2606:0040:8d75:ffff:ffff:ffff:ffff:ffff,6,VPN by Google,https://support.google.com/pixelphone/answer/2819573?hl=en,vpn_server,1768401479847,2026-01-14T14:37:59.847Z,Mission Viejo,,US,Mission Viejo,,
38.153.100.8,38.153.100.8,4,IPVanish,https://ipvanish.com,vpn_server,1768312055846,2026-01-13T13:47:35.846Z,"Montreal, Canada",yul-c02.ipvanish.com,,,,
39.114.19.36,39.114.19.36,4,VpnGate,https://www.vpngate.net/en/,exit_node,1768401478125,2026-01-14T14:37:58.125Z,,,,,,
162.120.208.48,162.120.208.48,4,VPN by Google,https://support.google.com/pixelphone/answer/2819573?hl=en,vpn_server,1768401478410,2026-01-14T14:37:58.410Z,Dewsbury,,GB,Dewsbury,,
2606:0040:9c90:0000:0000:0000:0000:0000,2606:0040:9c90:ffff:ffff:ffff:ffff:ffff,6,VPN by Google,https://support.google.com/pixelphone/answer/2819573?hl=en,vpn_server,1768401480383,2026-01-14T14:38:00.383Z,Lodi,,IT,Lodi,,
2606:0040:2292:8000:0000:0000:0000:0000,2606:0040:2292:83ff:ffff:ffff:ffff:ffff,6,VPN by Google,https://support.google.com/pixelphone/answer/2819573?hl=en,vpn_server,1768401479113,2026-01-14T14:37:59.113Z,Wiener Neustadt,,AT,Wiener Neustadt,,
162.120.198.183,162.120.198.183,4,VPN by Google,https://support.google.com/pixelphone/answer/2819573?hl=en,vpn_server,1768401478278,2026-01-14T14:37:58.278Z,La Crosse,,US,La Crosse,,
136.244.119.250,136.244.119.250,4,TunnelBear,https://tunnelbear.com,exit_node,1768401478058,2026-01-14T14:37:58.058Z,,,,,,
165.227.43.86,165.227.43.86,4,TunnelBear,https://tunnelbear.com,exit_node,1768401477997,2026-01-14T14:37:57.997Z,,,,,,
209.234.248.130,209.234.248.130,4,IPVanish,https://ipvanish.com,vpn_server,1768312055846,2026-01-13T13:47:35.846Z,"Singapore, Singapore",sin-c01.ipvanish.com,,,,
162.120.164.53,162.120.164.53,4,VPN by Google,https://support.google.com/pixelphone/answer/2819573?hl=en,vpn_server,1768401480768,2026-01-14T14:38:00.768Z,Calgary,,CA,Calgary,,
162.120.174.64,162.120.174.64,4,VPN by Google,https://support.google.com/pixelphone/answer/2819573?hl=en,vpn_server,1768401480379,2026-01-14T14:38:00.379Z,Stockton-on-Tees,,GB,Stockton-on-Tees,,
2606:0040:00a7:0000:0000:0000:0000:0000,2606:0040:00a7:ffff:ffff:ffff:ffff:ffff,6,VPN by Google,https://support.google.com/pixelphone/answer/2819573?hl=en,vpn_server,1768401479302,2026-01-14T14:37:59.302Z,GB,,GB,,,
149.102.224.202,149.102.224.202,4,Surfshark,https://surfshark.com,exit_node,1768117157380,2026-01-11T07:39:17.380Z,us-mia.prod.surfshark.com_udp.ovpn,,US,miami,25.77427,-80.19366
128.1.171.2,128.1.171.2,4,TunnelBear,https://tunnelbear.com,exit_node,1768401477827,2026-01-14T14:37:57.827Z,,,,,,
195.179.200.106,195.179.200.106,4,NordVPN,https://nordvpn.com,vpn_server,1768207625000,2026-01-12T08:47:05.000Z,,,,,,
92.119.17.144,92.119.17.144,4,NordVPN,https://nordvpn.com,vpn_server,1768312055847,2026-01-13T13:47:35.847Z,"Atlanta, United States",us8212.nordvpn.com,,,,
128.90.128.16,128.90.128.16,4,VyperVPN,https://vypervpn.com,exit_node,1768286555082,2026-01-13T06:42:35.082Z,,,,,,
162.120.213.29,162.120.213.29,4,VPN by Google,https://support.google.com/pixelphone/answer/2819573?hl=en,vpn_server,1768401478467,2026-01-14T14:37:58.467Z,Montbrison,,FR,Montbrison,,
81.92.202.20,81.92.202.20,4,NordVPN,https://nordvpn.com,vpn_server,1768312055847,2026-01-13T13:47:35.847Z,"London, United Kingdom",uk2065.nordvpn.com,,,,
2606:0040:a4a7:0000:0000:0000:0000:0000,2606:0040:a4a7:ffff:ffff:ffff:ffff:ffff,6,VPN by Google,https://support.google.com/pixelphone/answer/2819573?hl=en,vpn_server,1768401480674,2026-01-14T14:38:00.674Z,Incheon,,KR,Incheon,,
185.199.103.213,185.199.103.213,4,NordVPN,https://nordvpn.com,exit_node,1765952078118,2025-12-17T06:14:38.118Z,us5107,,US,,,
62.133.47.23,62.133.47.23,4,Private Internet Access,https://privateinternetaccess.com,vpn_server,1768312055851,2026-01-13T13:47:35.851Z,,kazakhstan.privacy.network,,,,
216.238.113.110,216.238.113.110,4,TunnelBear,https://tunnelbear.com,exit_node,1768401477800,2026-01-14T14:37:57.800Z,,,,,,
216.73.162.96,216.73.162.96,4,ExpressVPN,https://expressvpn.com,exit_node,1764699599932,2025-12-02T18:19:59.932Z,Canada - Toronto,,CA,Toronto,43.70643,-79.39864
162.120.208.200,162.120.208.200,4,VPN by Google,https://support.google.com/pixelphone/answer/2819573?hl=en,vpn_server,1768401478420,2026-01-14T14:37:58.420Z,La Roche-sur-Yon,,FR,La Roche-sur-Yon,,
162.120.143.9,162.120.143.9,4,VPN by Google,https://support.google.com/pixelphone/answer/2819573?hl=en,vpn_server,1768401480135,2026-01-14T14:38:00.135Z,Springfield,,US,Springfield,,
149.50.223.86,149.50.223.86,4,NordVPN,https://nordvpn.com,vpn_server,1768207625000,2026-01-12T08:47:05.000Z,,,,,,
5.182.16.237,5.182.16.237,4,NordVPN,https://nordvpn.com,vpn_server,1768207626000,2026-01-12T08:47:06.000Z,,,,,,
95.179.208.68,95.179.208.68,4,TunnelBear,https://tunnelbear.com,exit_node,1768401477890,2026-01-14T14:37:57.890Z,,,,,,
216.131.81.69,216.131.81.69,4,IPVanish,https://ipvanish.com,vpn_server,1768312055846,2026-01-13T13:47:35.846Z,"Los Angeles, United States",lax-b26.ipvanish.com,,,,
104.238.191.32,104.238.191.32,4,TunnelBear,https://tunnelbear.com,exit_node,1768401477925,2026-01-14T14:37:57.925Z,,,,,,
146.70.186.190,146.70.186.190,4,Surfshark,https://surfshark.com,exit_node,1765818560573,2025-12-15T17:09:20.573Z,us-nyc.prod.surfshark.com_udp.ovpn,,US,new york,40.71427,-74.00597
2606:0040:20c2:c000:0000:0000:0000:0000,2606:0040:20c2:c3ff:ffff:ffff:ffff:ffff,6,VPN by Google,https://support.google.com/pixelphone/answer/2819573?hl=en,vpn_server,1768401478731,2026-01-14T14:37:58.731Z,Elmhurst,,US,Elmhurst,,
138.199.59.40,138.199.59.40,4,Private Internet Access,https://privateinternetaccess.com,exit_node,1767839230831,2026-01-08T02:27:10.831Z,poland,,PL,,,
162.120.176.123,162.120.176.123,4,VPN by Google,https://support.google.com/pixelphone/answer/2819573?hl=en,vpn_server,1768401480470,2026-01-14T14:38:00.470Z,Caserta,,IT,Caserta,,
98.98.21.202,98.98.21.202,4,TunnelBear,https://tunnelbear.com,exit_node,1768401478023,2026-01-14T14:37:58.023Z,,,,,,
31.6.17.17,31.6.17.17,4,VyperVPN,https://vypervpn.com,exit_node,1768198872369,2026-01-12T06:21:12.369Z,Iceland,,IS,,,
162.120.217.245,162.120.217.245,4,VPN by Google,https://support.google.com/pixelphone/answer/2819573?hl=en,vpn_server,1768401478522,2026-01-14T14:37:58.522Z,Eagle Mountain,,US,Eagle Mountain,,
158.173.155.243,158.173.155.243,4,CyberGhostVPN,https://cyberghostvpn.com,vpn_server,1768312055845,2026-01-13T13:47:35.845Z,,87-1-de.cg-dialup.net,,,,
2606:0040:0c30:0000:0000:0000:0000:0000,2606:0040:0c3f:ffff:ffff:ffff:ffff:ffff,6,VPN by Google,https://support.google.com/pixelphone/answer/2819573?hl=en,vpn_server,1768401479321,2026-01-14T14:37:59.321Z,BS,,BS,,,
2606:0040:2159:e000:0000:0000:0000:0000,2606:0040:2159:e3ff:ffff:ffff:ffff:ffff,6,VPN by Google,https://support.google.com/pixelphone/answer/2819573?hl=en,vpn_server,1768401478875,2026-01-14T14:37:58.875Z,Fontana,,US,Fontana,,
149.34.251.136,149.34.251.136,4,ProtonVPN,https://protonvpn.com,vpn_server,1768312055852,2026-01-13T13:47:35.852Z,"Los Angeles, United States",node-us-438.protonvpn.net,,,,
173.239.203.171,173.239.203.171,4,Private Internet Access,https://privateinternetaccess.com,exit_node,1768151528051,2026-01-11T17:12:08.051Z,au_melbourne,,au,melbourne,-37.814,144.96332
98.98.19.227,98.98.19.227,4,TunnelBear,https://tunnelbear.com,exit_node,1768401477932,2026-01-14T14:37:57.932Z,,,,,,
81.17.122.210,81.17.122.210,4,NordVPN,https://nordvpn.com,vpn_server,1768207625000,2026-01-12T08:47:05.000Z,,,,,,
149.22.95.153,149.22.95.153,4,Private Internet Access,https://privateinternetaccess.com,exit_node,1767734803033,2026-01-06T21:26:43.033Z,ca_vancouver,,CA,,,
216.131.77.80,216.131.77.80,4,IPVanish,https://ipvanish.com,vpn_server,1768312055846,2026-01-13T13:47:35.846Z,"Chicago, United States",chi-b41.ipvanish.com,,,,
2606:0040:9ab8:0000:0000:0000:0000:0000,2606:0040:9ab8:ffff:ffff:ffff:ffff:ffff,6,VPN by Google,https://support.google.com/pixelphone/answer/2819573?hl=en,vpn_server,1768401480315,2026-01-14T14:38:00.315Z,Huddinge,,SE,Huddinge,,
162.120.242.240,162.120.242.240,4,VPN by Google,https://support.google.com/pixelphone/answer/2819573?hl=en,vpn_server,1768401478568,2026-01-14T14:37:58.568Z,Lebanon,,US,Lebanon,,
77.243.189.194,77.243.189.194,4,TorGuard,https://torguard.net,vpn_server,1768312055852,2026-01-13T13:47:35.852Z,,nl.torguard.com,,,,