ipVersion,startIp,endIp,datacenter,domain
6,2a0a:4940:5dec:0:0:0:0:0,2a0a:4940:5dec:ffff:ffff:ffff:ffff:ffff,GIBIRNET ILETISIM HIZMETLERI SANAYI VE TICARET LIMITED SIRKETI,gibir.net.tr
6,2a02:6b8:82:1903:0:0:0:0,2a02:6b8:82:1903:ffff:ffff:ffff:ffff,YANDEX LLC,yandex-team.ru
6,2a0a:4940:5379:0:0:0:0:0,2a0a:4940:5379:ffff:ffff:ffff:ffff:ffff,GIBIRNET ILETISIM HIZMETLERI SANAYI VE TICARET LIMITED SIRKETI,gibir.net.tr
6,2a01:7a7:2:3b88:0:0:0:0,2a01:7a7:2:3b88:ffff:ffff:ffff:ffff,"RackNerd, LLC",racknerd.com
6,2a0a:4940:d5b4:0:0:0:0:0,2a0a:4940:d5b4:ffff:ffff:ffff:ffff:ffff,GIBIRNET ILETISIM HIZMETLERI SANAYI VE TICARET LIMITED SIRKETI,gibir.net.tr
6,2a03:d9c1:b400:0:0:0:0:0,2a03:d9c1:b4ff:ffff:ffff:ffff:ffff:ffff,xTom GmbH,xtom.com
6,2a01:4f8:201:1259:0:0:0:0,2a01:4f8:201:1259:ffff:ffff:ffff:ffff,werk21 GmbH,global.ntt
6,2a02:1630:d100:137:0:0:0:0,2a02:1630:d100:137:ffff:ffff:ffff:ffff,ANALYTICAL SRL,unica.cloud
6,2a01:4f8:231:4147:0:0:0:0,2a01:4f8:231:4147:ffff:ffff:ffff:ffff,RuHoster,hetzner.com
6,2a0a:4940:a7df:0:0:0:0:0,2a0a:4940:a7df:ffff:ffff:ffff:ffff:ffff,GIBIRNET ILETISIM HIZMETLERI SANAYI VE TICARET LIMITED SIRKETI,gibir.net.tr
6,2a0a:4940:9d5b:0:0:0:0:0,2a0a:4940:9d5b:ffff:ffff:ffff:ffff:ffff,GIBIRNET ILETISIM HIZMETLERI SANAYI VE TICARET LIMITED SIRKETI,gibir.net.tr
6,2a12:dd47:81a0:0:0:0:0:0,2a12:dd47:81af:ffff:ffff:ffff:ffff:ffff,ServerForge LLC,serverforge.org
6,2a0a:4940:820a:0:0:0:0:0,2a0a:4940:820a:ffff:ffff:ffff:ffff:ffff,GIBIRNET ILETISIM HIZMETLERI SANAYI VE TICARET LIMITED SIRKETI,gibir.net.tr
6,2a0a:4940:a8f2:0:0:0:0:0,2a0a:4940:a8f2:ffff:ffff:ffff:ffff:ffff,GIBIRNET ILETISIM HIZMETLERI SANAYI VE TICARET LIMITED SIRKETI,gibir.net.tr
6,2a01:4f8:13b:1de2:0:0:0:0,2a01:4f8:13b:1de2:ffff:ffff:ffff:ffff,xneelo (Pty) Ltd,xneelo.com
6,2a0a:4940:3be:0:0:0:0:0,2a0a:4940:3be:ffff:ffff:ffff:ffff:ffff,GIBIRNET ILETISIM HIZMETLERI SANAYI VE TICARET LIMITED SIRKETI,gibir.net.tr
6,2a0a:4940:c5f1:0:0:0:0:0,2a0a:4940:c5f1:ffff:ffff:ffff:ffff:ffff,GIBIRNET ILETISIM HIZMETLERI SANAYI VE TICARET LIMITED SIRKETI,gibir.net.tr
6,2a0a:4940:ad3e:0:0:0:0:0,2a0a:4940:ad3e:ffff:ffff:ffff:ffff:ffff,GIBIRNET ILETISIM HIZMETLERI SANAYI VE TICARET LIMITED SIRKETI,gibir.net.tr
6,2a0a:4940:bbeb:0:0:0:0:0,2a0a:4940:bbeb:ffff:ffff:ffff:ffff:ffff,GIBIRNET ILETISIM HIZMETLERI SANAYI VE TICARET LIMITED SIRKETI,gibir.net.tr
6,2a01:4f8:222:926:0:0:0:0,2a01:4f8:222:926:ffff:ffff:ffff:ffff,FastVPS Eesti O�,fastvps.hosting
6,2a0a:4940:1f00:0:0:0:0:0,2a0a:4940:1f00:ffff:ffff:ffff:ffff:ffff,GIBIRNET ILETISIM HIZMETLERI SANAYI VE TICARET LIMITED SIRKETI,gibir.net.tr
6,2a0a:4940:4448:0:0:0:0:0,2a0a:4940:4448:ffff:ffff:ffff:ffff:ffff,GIBIRNET ILETISIM HIZMETLERI SANAYI VE TICARET LIMITED SIRKETI,gibir.net.tr
6,2a01:4f8:10b:2f69:0:0:0:0,2a01:4f8:10b:2f69:ffff:ffff:ffff:ffff,Timme Hosting GmbH & Co. KG,hetzner.com
6,2a0a:4940:42e5:0:0:0:0:0,2a0a:4940:42e5:ffff:ffff:ffff:ffff:ffff,GIBIRNET ILETISIM HIZMETLERI SANAYI VE TICARET LIMITED SIRKETI,gibir.net.tr
6,2a0a:4940:64d9:0:0:0:0:0,2a0a:4940:64d9:ffff:ffff:ffff:ffff:ffff,GIBIRNET ILETISIM HIZMETLERI SANAYI VE TICARET LIMITED SIRKETI,gibir.net.tr
6,2405:88c0:0:0:0:0:0:0,2405:88c0:ffff:ffff:ffff:ffff:ffff:ffff,"ANLIAN NETWORK TECHNOLOGY CO., LIMITED",www.anlian.hk
6,2a0a:4940:232:0:0:0:0:0,2a0a:4940:232:ffff:ffff:ffff:ffff:ffff,GIBIRNET ILETISIM HIZMETLERI SANAYI VE TICARET LIMITED SIRKETI,gibir.net.tr
6,2a0a:4940:d25d:0:0:0:0:0,2a0a:4940:d25d:ffff:ffff:ffff:ffff:ffff,GIBIRNET ILETISIM HIZMETLERI SANAYI VE TICARET LIMITED SIRKETI,gibir.net.tr
6,2a0a:4940:4cad:0:0:0:0:0,2a0a:4940:4cad:ffff:ffff:ffff:ffff:ffff,GIBIRNET ILETISIM HIZMETLERI SANAYI VE TICARET LIMITED SIRKETI,gibir.net.tr
6,2a0a:4940:bb50:0:0:0:0:0,2a0a:4940:bb50:ffff:ffff:ffff:ffff:ffff,GIBIRNET ILETISIM HIZMETLERI SANAYI VE TICARET LIMITED SIRKETI,gibir.net.tr
6,2a0a:4940:79f6:0:0:0:0:0,2a0a:4940:79f6:ffff:ffff:ffff:ffff:ffff,GIBIRNET ILETISIM HIZMETLERI SANAYI VE TICARET LIMITED SIRKETI,gibir.net.tr
6,2a0a:4940:ba76:0:0:0:0:0,2a0a:4940:ba76:ffff:ffff:ffff:ffff:ffff,GIBIRNET ILETISIM HIZMETLERI SANAYI VE TICARET LIMITED SIRKETI,gibir.net.tr
6,2a0a:4940:ee35:0:0:0:0:0,2a0a:4940:ee35:ffff:ffff:ffff:ffff:ffff,GIBIRNET ILETISIM HIZMETLERI SANAYI VE TICARET LIMITED SIRKETI,gibir.net.tr
6,2a0a:4940:dd44:0:0:0:0:0,2a0a:4940:dd44:ffff:ffff:ffff:ffff:ffff,GIBIRNET ILETISIM HIZMETLERI SANAYI VE TICARET LIMITED SIRKETI,gibir.net.tr
6,2400:4940:0:0:0:0:0:0,2400:4940:ffff:ffff:ffff:ffff:ffff:ffff,Network Infinity Technologies Limited,sunnyvision.com
6,2a0a:4940:7624:0:0:0:0:0,2a0a:4940:7624:ffff:ffff:ffff:ffff:ffff,GIBIRNET ILETISIM HIZMETLERI SANAYI VE TICARET LIMITED SIRKETI,gibir.net.tr
6,2a0a:4940:ca99:0:0:0:0:0,2a0a:4940:ca99:ffff:ffff:ffff:ffff:ffff,GIBIRNET ILETISIM HIZMETLERI SANAYI VE TICARET LIMITED SIRKETI,gibir.net.tr
6,2a01:4f8:192:42c7:0:0:0:0,2a01:4f8:192:42c7:ffff:ffff:ffff:ffff,Hetzner (Pty) Ltd,www.hetzner.com
6,2a0c:9a40:1030:0:0:0:0:0,2a0c:9a40:103f:ffff:ffff:ffff:ffff:ffff,iFog GmbH,ifog.ch
6,2a0a:4940:134f:0:0:0:0:0,2a0a:4940:134f:ffff:ffff:ffff:ffff:ffff,GIBIRNET ILETISIM HIZMETLERI SANAYI VE TICARET LIMITED SIRKETI,gibir.net.tr
6,2a0a:4940:24f8:0:0:0:0:0,2a0a:4940:24f8:ffff:ffff:ffff:ffff:ffff,GIBIRNET ILETISIM HIZMETLERI SANAYI VE TICARET LIMITED SIRKETI,gibir.net.tr
6,2a05:2602:0:0:0:0:0:0,2a05:2602:ffff:ffff:ffff:ffff:ffff:ffff,Cobalt Group BV,www.ipworks.be
6,2a0a:4940:810d:0:0:0:0:0,2a0a:4940:810d:ffff:ffff:ffff:ffff:ffff,GIBIRNET ILETISIM HIZMETLERI SANAYI VE TICARET LIMITED SIRKETI,gibir.net.tr
6,2a0a:4940:1bd8:0:0:0:0:0,2a0a:4940:1bd8:ffff:ffff:ffff:ffff:ffff,GIBIRNET ILETISIM HIZMETLERI SANAYI VE TICARET LIMITED SIRKETI,gibir.net.tr
6,2001:9a8:212:0:0:0:0:0,2001:9a8:212:ffff:ffff:ffff:ffff:ffff,True B.V.,www.true.nl
6,2a0a:4940:c764:0:0:0:0:0,2a0a:4940:c764:ffff:ffff:ffff:ffff:ffff,GIBIRNET ILETISIM HIZMETLERI SANAYI VE TICARET LIMITED SIRKETI,gibir.net.tr
6,2a0a:4940:a625:0:0:0:0:0,2a0a:4940:a625:ffff:ffff:ffff:ffff:ffff,GIBIRNET ILETISIM HIZMETLERI SANAYI VE TICARET LIMITED SIRKETI,gibir.net.tr
6,2a0a:4940:19b4:0:0:0:0:0,2a0a:4940:19b4:ffff:ffff:ffff:ffff:ffff,GIBIRNET ILETISIM HIZMETLERI SANAYI VE TICARET LIMITED SIRKETI,gibir.net.tr
6,2a0a:4940:50d3:0:0:0:0:0,2a0a:4940:50d3:ffff:ffff:ffff:ffff:ffff,GIBIRNET ILETISIM HIZMETLERI SANAYI VE TICARET LIMITED SIRKETI,gibir.net.tr
6,2a0a:4940:e941:0:0:0:0:0,2a0a:4940:e941:ffff:ffff:ffff:ffff:ffff,GIBIRNET ILETISIM HIZMETLERI SANAYI VE TICARET LIMITED SIRKETI,gibir.net.tr
6,2a0c:5e00:0:0:0:0:0:0,2a0c:5e00:ffff:ffff:ffff:ffff:ffff:ffff,Asimia Damaskou,aweb.gr
6,2a0a:4940:2374:0:0:0:0:0,2a0a:4940:2374:ffff:ffff:ffff:ffff:ffff,GIBIRNET ILETISIM HIZMETLERI SANAYI VE TICARET LIMITED SIRKETI,gibir.net.tr
6,2a0a:4940:1a47:0:0:0:0:0,2a0a:4940:1a47:ffff:ffff:ffff:ffff:ffff,GIBIRNET ILETISIM HIZMETLERI SANAYI VE TICARET LIMITED SIRKETI,gibir.net.tr
6,2a0a:4940:6d55:0:0:0:0:0,2a0a:4940:6d55:ffff:ffff:ffff:ffff:ffff,GIBIRNET ILETISIM HIZMETLERI SANAYI VE TICARET LIMITED SIRKETI,gibir.net.tr
6,2a0e:b107:340:0:0:0:0:0,2a0e:b107:340:ffff:ffff:ffff:ffff:ffff,Chin-yun Wang,azsopro.net
6,2a0a:4940:b676:0:0:0:0:0,2a0a:4940:b676:ffff:ffff:ffff:ffff:ffff,GIBIRNET ILETISIM HIZMETLERI SANAYI VE TICARET LIMITED SIRKETI,gibir.net.tr
6,2a0a:4940:cf2:0:0:0:0:0,2a0a:4940:cf2:ffff:ffff:ffff:ffff:ffff,GIBIRNET ILETISIM HIZMETLERI SANAYI VE TICARET LIMITED SIRKETI,gibir.net.tr
6,2a01:4f8:222:3101:0:0:0:0,2a01:4f8:222:3101:ffff:ffff:ffff:ffff,rshost.eu - it services,hetzner.com
6,2001:550:2:2f:0:0:298:0,2001:550:2:2f:0:0:298:ffff,Oracle America Inc,www.oracle.com
6,2a11:4080:0:0:0:0:0:0,2a11:4087:ffff:ffff:ffff:ffff:ffff:ffff,X LLC,scs.community
6,2a0a:4940:c934:0:0:0:0:0,2a0a:4940:c934:ffff:ffff:ffff:ffff:ffff,GIBIRNET ILETISIM HIZMETLERI SANAYI VE TICARET LIMITED SIRKETI,gibir.net.tr
6,2001:7f8:9b:0:0:0:0:0,2001:7f8:9b:ffff:ffff:ffff:ffff:ffff,Podkarpacki.net Rafal Czarny,podkarpacki.net
6,2a0a:4940:dffc:0:0:0:0:0,2a0a:4940:dffc:ffff:ffff:ffff:ffff:ffff,GIBIRNET ILETISIM HIZMETLERI SANAYI VE TICARET LIMITED SIRKETI,gibir.net.tr
6,2001:550:2:9:0:0:194:0,2001:550:2:9:0:0:194:ffff,Edgio,edg.io
6,2a0a:4940:d1a0:0:0:0:0:0,2a0a:4940:d1a0:ffff:ffff:ffff:ffff:ffff,GIBIRNET ILETISIM HIZMETLERI SANAYI VE TICARET LIMITED SIRKETI,gibir.net.tr
6,2400:4c80:0:0:0:0:0:0,2400:4c80:ffff:ffff:ffff:ffff:ffff:ffff,PT Link Mitra Asia,arsen.co.id
6,2a0a:4940:680d:0:0:0:0:0,2a0a:4940:680d:ffff:ffff:ffff:ffff:ffff,GIBIRNET ILETISIM HIZMETLERI SANAYI VE TICARET LIMITED SIRKETI,gibir.net.tr
6,2a0a:4940:b8b9:0:0:0:0:0,2a0a:4940:b8b9:ffff:ffff:ffff:ffff:ffff,GIBIRNET ILETISIM HIZMETLERI SANAYI VE TICARET LIMITED SIRKETI,gibir.net.tr
6,2a0a:4940:8e07:0:0:0:0:0,2a0a:4940:8e07:ffff:ffff:ffff:ffff:ffff,GIBIRNET ILETISIM HIZMETLERI SANAYI VE TICARET LIMITED SIRKETI,gibir.net.tr
6,2a13:1882:0:0:0:0:0:0,2a13:1883:ffff:ffff:ffff:ffff:ffff:ffff,Xantho,www.xantho.lt
6,2a0a:4940:53a3:0:0:0:0:0,2a0a:4940:53a3:ffff:ffff:ffff:ffff:ffff,GIBIRNET ILETISIM HIZMETLERI SANAYI VE TICARET LIMITED SIRKETI,gibir.net.tr
6,2a0a:4940:eb4e:0:0:0:0:0,2a0a:4940:eb4e:ffff:ffff:ffff:ffff:ffff,GIBIRNET ILETISIM HIZMETLERI SANAYI VE TICARET LIMITED SIRKETI,gibir.net.tr
6,2a02:16d0:1000:ab00:0:0:0:0,2a02:16d0:1000:abff:ffff:ffff:ffff:ffff,PLUTEX GmbH Kundennetz,www.plutex.de
6,2804:6fe4:0:0:0:0:0:0,2804:6fe4:ffff:ffff:ffff:ffff:ffff:ffff,REVNET TELECOMUNICACOES E SERVICOS LTDA,ratelecomfiber.com.br
6,2a0a:4940:7976:0:0:0:0:0,2a0a:4940:7976:ffff:ffff:ffff:ffff:ffff,GIBIRNET ILETISIM HIZMETLERI SANAYI VE TICARET LIMITED SIRKETI,gibir.net.tr
6,2a0a:4940:a961:0:0:0:0:0,2a0a:4940:a961:ffff:ffff:ffff:ffff:ffff,GIBIRNET ILETISIM HIZMETLERI SANAYI VE TICARET LIMITED SIRKETI,gibir.net.tr
6,2a0a:4940:f095:0:0:0:0:0,2a0a:4940:f095:ffff:ffff:ffff:ffff:ffff,GIBIRNET ILETISIM HIZMETLERI SANAYI VE TICARET LIMITED SIRKETI,gibir.net.tr
6,2a07:8740:0:0:0:0:0:0,2a07:8747:ffff:ffff:ffff:ffff:ffff:ffff,Geekyworks IT Solutions Pvt Ltd,gwhostinglabs.com
6,2a0a:4940:291a:0:0:0:0:0,2a0a:4940:291a:ffff:ffff:ffff:ffff:ffff,GIBIRNET ILETISIM HIZMETLERI SANAYI VE TICARET LIMITED SIRKETI,gibir.net.tr
6,2a0a:4940:946f:0:0:0:0:0,2a0a:4940:946f:ffff:ffff:ffff:ffff:ffff,GIBIRNET ILETISIM HIZMETLERI SANAYI VE TICARET LIMITED SIRKETI,gibir.net.tr
6,2a0a:4940:1b6b:0:0:0:0:0,2a0a:4940:1b6b:ffff:ffff:ffff:ffff:ffff,GIBIRNET ILETISIM HIZMETLERI SANAYI VE TICARET LIMITED SIRKETI,gibir.net.tr
6,2804:5330:2:0:0:0:88:0,2804:5330:2:0:0:0:88:ffff,HAProxy Technologies LLC,www.haproxy.com
6,2a0a:4940:551a:0:0:0:0:0,2a0a:4940:551a:ffff:ffff:ffff:ffff:ffff,GIBIRNET ILETISIM HIZMETLERI SANAYI VE TICARET LIMITED SIRKETI,gibir.net.tr
6,2a0a:4940:fe26:0:0:0:0:0,2a0a:4940:fe26:ffff:ffff:ffff:ffff:ffff,GIBIRNET ILETISIM HIZMETLERI SANAYI VE TICARET LIMITED SIRKETI,gibir.net.tr
6,2a0a:4940:7531:0:0:0:0:0,2a0a:4940:7531:ffff:ffff:ffff:ffff:ffff,GIBIRNET ILETISIM HIZMETLERI SANAYI VE TICARET LIMITED SIRKETI,gibir.net.tr
6,2a07:a40:0:0:0:0:0:0,2a07:a47:ffff:ffff:ffff:ffff:ffff:ffff,Mauve Mailorder Software GmbH & CO. KG,hosteurope.de
6,2001:370:a:3:0:0:0:0,2001:370:a:3:ffff:ffff:ffff:ffff,"BroadBand Tower, Inc.",www.bbtower.co.jp
6,2a01:4f8:140:13ce:0:0:0:0,2a01:4f8:140:13ce:ffff:ffff:ffff:ffff,Timme Hosting GmbH & Co. KG,hetzner.com
6,2a02:6b8:b081:309:0:0:0:0,2a02:6b8:b081:309:ffff:ffff:ffff:ffff,YANDEX LLC,yandex-team.ru
6,2a12:3fc2:2f00:0:0:0:0:0,2a12:3fc2:2fff:ffff:ffff:ffff:ffff:ffff,KUIPER NETWORK LTD,kuiper.host
6,2a01:4f8:171:c:0:0:0:0,2a01:4f8:171:c:ffff:ffff:ffff:ffff,Kommunity GmbH & Co. KG,www.kommunity.net
6,2a0a:4940:189b:0:0:0:0:0,2a0a:4940:189b:ffff:ffff:ffff:ffff:ffff,GIBIRNET ILETISIM HIZMETLERI SANAYI VE TICARET LIMITED SIRKETI,gibir.net.tr
6,2a0a:4940:d144:0:0:0:0:0,2a0a:4940:d144:ffff:ffff:ffff:ffff:ffff,GIBIRNET ILETISIM HIZMETLERI SANAYI VE TICARET LIMITED SIRKETI,gibir.net.tr
6,2a0a:4940:5d77:0:0:0:0:0,2a0a:4940:5d77:ffff:ffff:ffff:ffff:ffff,GIBIRNET ILETISIM HIZMETLERI SANAYI VE TICARET LIMITED SIRKETI,gibir.net.tr
6,2a01:7a7:2:3961:0:0:0:0,2a01:7a7:2:3961:ffff:ffff:ffff:ffff,Sunucu Datacenter Internet Hizmetleri San. Tic. Ltd. Sti.,sunucu.com.tr
6,2a05:2601:0:0:0:0:0:0,2a05:2601:ffff:ffff:ffff:ffff:ffff:ffff,Cobalt Group BV,www.ipworks.be
6,2001:9a8:215:0:0:0:0:0,2001:9a8:215:ffff:ffff:ffff:ffff:ffff,True B.V.,www.true.nl
6,2401:73c0:0:0:0:0:0:0,2401:73c0:ffff:ffff:ffff:ffff:ffff:ffff,Mimecast Australia Pty Ltd,www.mimecast.com
6,2a0a:4940:ca6:0:0:0:0:0,2a0a:4940:ca6:ffff:ffff:ffff:ffff:ffff,GIBIRNET ILETISIM HIZMETLERI SANAYI VE TICARET LIMITED SIRKETI,gibir.net.tr
6,2a01:4f8:190:71e7:0:0:0:0,2a01:4f8:190:71e7:ffff:ffff:ffff:ffff,Hosting Rapido S.L.Unipersonal,hetzner.com
6,2a01:4f8:141:13a6:0:0:0:0,2a01:4f8:141:13a6:ffff:ffff:ffff:ffff,Timme Hosting GmbH & Co. KG,hetzner.com
6,2001:550:2:18:0:0:76:0,2001:550:2:18:0:0:76:ffff,Comsat Inc.,www.sddatacenter.com
6,2a01:7e8:3b:0:0:0:0:0,2a01:7e8:3b:ffff:ffff:ffff:ffff:ffff,Windcloud 4.0 GmbH,windcloud.de
6,2a0a:4940:23d2:0:0:0:0:0,2a0a:4940:23d2:ffff:ffff:ffff:ffff:ffff,GIBIRNET ILETISIM HIZMETLERI SANAYI VE TICARET LIMITED SIRKETI,gibir.net.tr
6,2a0a:4940:3cf8:0:0:0:0:0,2a0a:4940:3cf8:ffff:ffff:ffff:ffff:ffff,GIBIRNET ILETISIM HIZMETLERI SANAYI VE TICARET LIMITED SIRKETI,gibir.net.tr
6,2a0a:4940:d51d:0:0:0:0:0,2a0a:4940:d51d:ffff:ffff:ffff:ffff:ffff,GIBIRNET ILETISIM HIZMETLERI SANAYI VE TICARET LIMITED SIRKETI,gibir.net.tr
6,2a0a:4940:4854:0:0:0:0:0,2a0a:4940:4854:ffff:ffff:ffff:ffff:ffff,GIBIRNET ILETISIM HIZMETLERI SANAYI VE TICARET LIMITED SIRKETI,gibir.net.tr
6,2a02:6b8:0:7305:0:0:0:0,2a02:6b8:0:7305:ffff:ffff:ffff:ffff,YANDEX LLC,yandex-team.ru
6,2a0a:4940:6f32:0:0:0:0:0,2a0a:4940:6f32:ffff:ffff:ffff:ffff:ffff,GIBIRNET ILETISIM HIZMETLERI SANAYI VE TICARET LIMITED SIRKETI,gibir.net.tr
6,2a0a:4940:940b:0:0:0:0:0,2a0a:4940:940b:ffff:ffff:ffff:ffff:ffff,GIBIRNET ILETISIM HIZMETLERI SANAYI VE TICARET LIMITED SIRKETI,gibir.net.tr
6,2a09:4c0:4000:0:0:0:0:0,2a09:4c0:4000:ffff:ffff:ffff:ffff:ffff,Securebit AG,www.securebit.ch
6,2a09:4c0:6e00:0:0:0:0:0,2a09:4c0:6eff:ffff:ffff:ffff:ffff:ffff,Securebit AG,www.securebit.ch
6,2a0a:4940:9d8d:0:0:0:0:0,2a0a:4940:9d8d:ffff:ffff:ffff:ffff:ffff,GIBIRNET ILETISIM HIZMETLERI SANAYI VE TICARET LIMITED SIRKETI,gibir.net.tr
6,2a0a:4940:658e:0:0:0:0:0,2a0a:4940:658e:ffff:ffff:ffff:ffff:ffff,GIBIRNET ILETISIM HIZMETLERI SANAYI VE TICARET LIMITED SIRKETI,gibir.net.tr
6,2001:780:0:49:0:0:0:0,2001:780:0:49:ffff:ffff:ffff:ffff,SpaceNet AG,www.space.net
6,2a0a:4940:4903:0:0:0:0:0,2a0a:4940:4903:ffff:ffff:ffff:ffff:ffff,GIBIRNET ILETISIM HIZMETLERI SANAYI VE TICARET LIMITED SIRKETI,gibir.net.tr
6,2a0a:4940:7816:0:0:0:0:0,2a0a:4940:7816:ffff:ffff:ffff:ffff:ffff,GIBIRNET ILETISIM HIZMETLERI SANAYI VE TICARET LIMITED SIRKETI,gibir.net.tr
6,2a0a:4940:1d45:0:0:0:0:0,2a0a:4940:1d45:ffff:ffff:ffff:ffff:ffff,GIBIRNET ILETISIM HIZMETLERI SANAYI VE TICARET LIMITED SIRKETI,gibir.net.tr
6,2a0a:4940:9a0d:0:0:0:0:0,2a0a:4940:9a0d:ffff:ffff:ffff:ffff:ffff,GIBIRNET ILETISIM HIZMETLERI SANAYI VE TICARET LIMITED SIRKETI,gibir.net.tr
6,2a02:1630:d100:df:0:0:0:0,2a02:1630:d100:df:ffff:ffff:ffff:ffff,CENTRO API SERVIZI,unica.cloud
6,2a0a:4940:b0d5:0:0:0:0:0,2a0a:4940:b0d5:ffff:ffff:ffff:ffff:ffff,GIBIRNET ILETISIM HIZMETLERI SANAYI VE TICARET LIMITED SIRKETI,gibir.net.tr
6,2a0b:b140:0:0:0:0:0:0,2a0b:b147:ffff:ffff:ffff:ffff:ffff:ffff,SERVERD SAS,as62000.net
6,2a0a:4940:6fc:0:0:0:0:0,2a0a:4940:6fc:ffff:ffff:ffff:ffff:ffff,GIBIRNET ILETISIM HIZMETLERI SANAYI VE TICARET LIMITED SIRKETI,gibir.net.tr
6,2a0a:4940:d660:0:0:0:0:0,2a0a:4940:d660:ffff:ffff:ffff:ffff:ffff,GIBIRNET ILETISIM HIZMETLERI SANAYI VE TICARET LIMITED SIRKETI,gibir.net.tr
6,2a0a:4940:aa2a:0:0:0:0:0,2a0a:4940:aa2a:ffff:ffff:ffff:ffff:ffff,GIBIRNET ILETISIM HIZMETLERI SANAYI VE TICARET LIMITED SIRKETI,gibir.net.tr
6,2a0a:4940:9e96:0:0:0:0:0,2a0a:4940:9e96:ffff:ffff:ffff:ffff:ffff,GIBIRNET ILETISIM HIZMETLERI SANAYI VE TICARET LIMITED SIRKETI,gibir.net.tr
6,2a0a:4940:f211:0:0:0:0:0,2a0a:4940:f211:ffff:ffff:ffff:ffff:ffff,GIBIRNET ILETISIM HIZMETLERI SANAYI VE TICARET LIMITED SIRKETI,gibir.net.tr
6,2a0a:4940:f7ef:0:0:0:0:0,2a0a:4940:f7ef:ffff:ffff:ffff:ffff:ffff,GIBIRNET ILETISIM HIZMETLERI SANAYI VE TICARET LIMITED SIRKETI,gibir.net.tr
6,2a06:2d40:0:0:0:0:0:0,2a06:2d47:ffff:ffff:ffff:ffff:ffff:ffff,Wanwire B.V.,wanwire.com
6,2a0a:4940:b6bd:0:0:0:0:0,2a0a:4940:b6bd:ffff:ffff:ffff:ffff:ffff,GIBIRNET ILETISIM HIZMETLERI SANAYI VE TICARET LIMITED SIRKETI,gibir.net.tr
6,2a0a:4940:5177:0:0:0:0:0,2a0a:4940:5177:ffff:ffff:ffff:ffff:ffff,GIBIRNET ILETISIM HIZMETLERI SANAYI VE TICARET LIMITED SIRKETI,gibir.net.tr
6,2a01:4f8:200:828d:0:0:0:0,2a01:4f8:200:828d:ffff:ffff:ffff:ffff,NavoHosting,hetzner.com
6,2a0c:5247:3000:0:0:0:0:0,2a0c:5247:3fff:ffff:ffff:ffff:ffff:ffff,vpsville net,vpsville.ru
6,2a0a:4940:b7df:0:0:0:0:0,2a0a:4940:b7df:ffff:ffff:ffff:ffff:ffff,GIBIRNET ILETISIM HIZMETLERI SANAYI VE TICARET LIMITED SIRKETI,gibir.net.tr
6,2a0a:4940:b3a8:0:0:0:0:0,2a0a:4940:b3a8:ffff:ffff:ffff:ffff:ffff,GIBIRNET ILETISIM HIZMETLERI SANAYI VE TICARET LIMITED SIRKETI,gibir.net.tr
6,2a0a:4940:9d22:0:0:0:0:0,2a0a:4940:9d22:ffff:ffff:ffff:ffff:ffff,GIBIRNET ILETISIM HIZMETLERI SANAYI VE TICARET LIMITED SIRKETI,gibir.net.tr
6,2a0a:4940:216a:0:0:0:0:0,2a0a:4940:216a:ffff:ffff:ffff:ffff:ffff,GIBIRNET ILETISIM HIZMETLERI SANAYI VE TICARET LIMITED SIRKETI,gibir.net.tr
6,2a0a:4940:7cbc:0:0:0:0:0,2a0a:4940:7cbc:ffff:ffff:ffff:ffff:ffff,GIBIRNET ILETISIM HIZMETLERI SANAYI VE TICARET LIMITED SIRKETI,gibir.net.tr
6,2a0a:4940:523b:0:0:0:0:0,2a0a:4940:523b:ffff:ffff:ffff:ffff:ffff,GIBIRNET ILETISIM HIZMETLERI SANAYI VE TICARET LIMITED SIRKETI,gibir.net.tr
6,2a0a:4940:a73a:0:0:0:0:0,2a0a:4940:a73a:ffff:ffff:ffff:ffff:ffff,GIBIRNET ILETISIM HIZMETLERI SANAYI VE TICARET LIMITED SIRKETI,gibir.net.tr
6,2a10:4641:0:0:0:0:0:0,2a10:4641:ffff:ffff:ffff:ffff:ffff:ffff,AS DYJIX GRENOBLE,dyjix.eu
6,2a13:9840:0:0:0:0:0:0,2a13:9847:ffff:ffff:ffff:ffff:ffff:ffff,Titano Technologies Srl,titano.host
6,2a0a:4940:d6d3:0:0:0:0:0,2a0a:4940:d6d3:ffff:ffff:ffff:ffff:ffff,GIBIRNET ILETISIM HIZMETLERI SANAYI VE TICARET LIMITED SIRKETI,gibir.net.tr
6,2001:4b08:0:0:0:0:0:0,2001:4b08:ffff:ffff:ffff:ffff:ffff:ffff,Secura Hosting Ltd,secura.cloud
6,2a0a:4940:ae5a:0:0:0:0:0,2a0a:4940:ae5a:ffff:ffff:ffff:ffff:ffff,GIBIRNET ILETISIM HIZMETLERI SANAYI VE TICARET LIMITED SIRKETI,gibir.net.tr
6,2a0a:4940:ca84:0:0:0:0:0,2a0a:4940:ca84:ffff:ffff:ffff:ffff:ffff,GIBIRNET ILETISIM HIZMETLERI SANAYI VE TICARET LIMITED SIRKETI,gibir.net.tr
6,2a0a:4940:2ca0:0:0:0:0:0,2a0a:4940:2ca0:ffff:ffff:ffff:ffff:ffff,GIBIRNET ILETISIM HIZMETLERI SANAYI VE TICARET LIMITED SIRKETI,gibir.net.tr
6,2a12:2600:0:0:0:0:0:0,2a12:2607:ffff:ffff:ffff:ffff:ffff:ffff,Patron Technology Persia Ltd,dedserver.net
6,2a0e:46c4:2802:0:0:0:0:0,2a0e:46c4:2802:ffff:ffff:ffff:ffff:ffff,Alex Delporte,as213045.net
6,2001:978:2:9d:0:0:0:0,2001:978:2:9d:0:0:0:ffff,Pablo Sarria Perez,www.open6hosting.com
6,2a0a:4940:5aac:0:0:0:0:0,2a0a:4940:5aac:ffff:ffff:ffff:ffff:ffff,GIBIRNET ILETISIM HIZMETLERI SANAYI VE TICARET LIMITED SIRKETI,gibir.net.tr
6,2607:f660:0:0:0:0:0:0,2607:f660:ffff:ffff:ffff:ffff:ffff:ffff,"NetActuate, Inc",netactuate.com
6,2a0a:4940:ca87:0:0:0:0:0,2a0a:4940:ca87:ffff:ffff:ffff:ffff:ffff,GIBIRNET ILETISIM HIZMETLERI SANAYI VE TICARET LIMITED SIRKETI,gibir.net.tr
6,2a0a:4940:2790:0:0:0:0:0,2a0a:4940:2790:ffff:ffff:ffff:ffff:ffff,GIBIRNET ILETISIM HIZMETLERI SANAYI VE TICARET LIMITED SIRKETI,gibir.net.tr
6,2a0a:4940:e61c:0:0:0:0:0,2a0a:4940:e61c:ffff:ffff:ffff:ffff:ffff,GIBIRNET ILETISIM HIZMETLERI SANAYI VE TICARET LIMITED SIRKETI,gibir.net.tr
6,2a0a:8f40:a:0:0:0:0:0,2a0a:8f40:a:ffff:ffff:ffff:ffff:ffff,Nepal,ipv4hosting.com
6,2a0a:4940:395:0:0:0:0:0,2a0a:4940:395:ffff:ffff:ffff:ffff:ffff,GIBIRNET ILETISIM HIZMETLERI SANAYI VE TICARET LIMITED SIRKETI,gibir.net.tr
6,2a01:4f9:3a:2165:0:0:0:0,2a01:4f9:3a:2165:ffff:ffff:ffff:ffff,ENARTIA Single Member S.A.,www.enartia.com
6,2a03:63a0:0:0:0:0:0:0,2a03:63a0:0:ffff:ffff:ffff:ffff:ffff,Pingdom AB,www.pingdom.com
6,2a11:840:56:0:0:0:0:0,2a11:840:56:ffff:ffff:ffff:ffff:ffff,ONEPROVIDER,oneprovider.com
6,2001:41d0:705:0:0:0:0:0,2001:41d0:705:3fff:ffff:ffff:ffff:ffff,OVH GmbH,proof.ovh.net
6,2a0a:4940:5f1e:0:0:0:0:0,2a0a:4940:5f1e:ffff:ffff:ffff:ffff:ffff,GIBIRNET ILETISIM HIZMETLERI SANAYI VE TICARET LIMITED SIRKETI,gibir.net.tr
6,2a0a:4940:2670:0:0:0:0:0,2a0a:4940:2670:ffff:ffff:ffff:ffff:ffff,GIBIRNET ILETISIM HIZMETLERI SANAYI VE TICARET LIMITED SIRKETI,gibir.net.tr
6,2a0a:4940:5e53:0:0:0:0:0,2a0a:4940:5e53:ffff:ffff:ffff:ffff:ffff,GIBIRNET ILETISIM HIZMETLERI SANAYI VE TICARET LIMITED SIRKETI,gibir.net.tr
6,2a0a:4940:133:0:0:0:0:0,2a0a:4940:133:ffff:ffff:ffff:ffff:ffff,GIBIRNET ILETISIM HIZMETLERI SANAYI VE TICARET LIMITED SIRKETI,gibir.net.tr
6,2a0a:4940:8862:0:0:0:0:0,2a0a:4940:8862:ffff:ffff:ffff:ffff:ffff,GIBIRNET ILETISIM HIZMETLERI SANAYI VE TICARET LIMITED SIRKETI,gibir.net.tr
6,2a0a:4940:e135:0:0:0:0:0,2a0a:4940:e135:ffff:ffff:ffff:ffff:ffff,GIBIRNET ILETISIM HIZMETLERI SANAYI VE TICARET LIMITED SIRKETI,gibir.net.tr
6,2a0a:4940:36c9:0:0:0:0:0,2a0a:4940:36c9:ffff:ffff:ffff:ffff:ffff,GIBIRNET ILETISIM HIZMETLERI SANAYI VE TICARET LIMITED SIRKETI,gibir.net.tr
6,2a04:3040:0:0:0:0:0:0,2a04:3047:ffff:ffff:ffff:ffff:ffff:ffff,TH.PAPAMICHAIL VAINAS - G.PSALTAKIS G.P,www.pointer.gr
6,2a0a:4940:e234:0:0:0:0:0,2a0a:4940:e234:ffff:ffff:ffff:ffff:ffff,GIBIRNET ILETISIM HIZMETLERI SANAYI VE TICARET LIMITED SIRKETI,gibir.net.tr
6,2a0a:4940:60e5:0:0:0:0:0,2a0a:4940:60e5:ffff:ffff:ffff:ffff:ffff,GIBIRNET ILETISIM HIZMETLERI SANAYI VE TICARET LIMITED SIRKETI,gibir.net.tr
6,2a0a:a340:0:0:0:0:0:0,2a0a:a347:ffff:ffff:ffff:ffff:ffff:ffff,Rackmarkt SL,www.rackmarkt.com
6,2001:df1:9340:0:0:0:0:0,2001:df1:9340:ffff:ffff:ffff:ffff:ffff,NIXI,nixi.in
6,2a01:4f8:2200:4381:0:0:0:0,2a01:4f8:2200:4381:ffff:ffff:ffff:ffff,AzeHosting ApS,hetzner.com
6,2a0a:4940:6b95:0:0:0:0:0,2a0a:4940:6b95:ffff:ffff:ffff:ffff:ffff,GIBIRNET ILETISIM HIZMETLERI SANAYI VE TICARET LIMITED SIRKETI,gibir.net.tr
6,2a0a:4940:56fc:0:0:0:0:0,2a0a:4940:56fc:ffff:ffff:ffff:ffff:ffff,GIBIRNET ILETISIM HIZMETLERI SANAYI VE TICARET LIMITED SIRKETI,gibir.net.tr
6,2a0a:4940:10bf:0:0:0:0:0,2a0a:4940:10bf:ffff:ffff:ffff:ffff:ffff,GIBIRNET ILETISIM HIZMETLERI SANAYI VE TICARET LIMITED SIRKETI,gibir.net.tr
6,2a01:aea0:df2:0:0:0:0:0,2a01:aea0:df2:ffff:ffff:ffff:ffff:ffff,Telematica Internet Service Provider GmbH,www.telematica.at
6,2a01:4f8:13a:2209:0:0:0:0,2a01:4f8:13a:2209:ffff:ffff:ffff:ffff,FastVPS Eesti O�,fastvps.hosting
6,2a0a:4940:b26c:0:0:0:0:0,2a0a:4940:b26c:ffff:ffff:ffff:ffff:ffff,GIBIRNET ILETISIM HIZMETLERI SANAYI VE TICARET LIMITED SIRKETI,gibir.net.tr
6,2401:920:0:0:0:0:0:0,2401:920:ffff:ffff:ffff:ffff:ffff:ffff,Herza Cloud,herza.sg
6,2a01:4f8:202:628b:0:0:0:0,2a01:4f8:202:628b:ffff:ffff:ffff:ffff,Timme Hosting GmbH & Co. KG,hetzner.com
6,2a01:4f9:3a:2b02:0:0:0:0,2a01:4f9:3a:2b02:ffff:ffff:ffff:ffff,PromptCloud  Inc,hetzner.com
6,2a0a:4940:470c:0:0:0:0:0,2a0a:4940:470c:ffff:ffff:ffff:ffff:ffff,GIBIRNET ILETISIM HIZMETLERI SANAYI VE TICARET LIMITED SIRKETI,gibir.net.tr
6,2a0a:4940:2775:0:0:0:0:0,2a0a:4940:2775:ffff:ffff:ffff:ffff:ffff,GIBIRNET ILETISIM HIZMETLERI SANAYI VE TICARET LIMITED SIRKETI,gibir.net.tr
6,2003:5a:a06c:0:0:0:0:0,2003:5a:a06c:ffff:ffff:ffff:ffff:ffff,Schoeck Bauteile GmbH,hosteurope.de
6,2a0a:4940:972b:0:0:0:0:0,2a0a:4940:972b:ffff:ffff:ffff:ffff:ffff,GIBIRNET ILETISIM HIZMETLERI SANAYI VE TICARET LIMITED SIRKETI,gibir.net.tr
6,2a0a:4940:64c:0:0:0:0:0,2a0a:4940:64c:ffff:ffff:ffff:ffff:ffff,GIBIRNET ILETISIM HIZMETLERI SANAYI VE TICARET LIMITED SIRKETI,gibir.net.tr
6,2a0a:4940:5178:0:0:0:0:0,2a0a:4940:5178:ffff:ffff:ffff:ffff:ffff,GIBIRNET ILETISIM HIZMETLERI SANAYI VE TICARET LIMITED SIRKETI,gibir.net.tr
6,2a0a:4940:330e:0:0:0:0:0,2a0a:4940:330e:ffff:ffff:ffff:ffff:ffff,GIBIRNET ILETISIM HIZMETLERI SANAYI VE TICARET LIMITED SIRKETI,gibir.net.tr
6,2a0a:4940:9e92:0:0:0:0:0,2a0a:4940:9e92:ffff:ffff:ffff:ffff:ffff,GIBIRNET ILETISIM HIZMETLERI SANAYI VE TICARET LIMITED SIRKETI,gibir.net.tr
6,2a0a:4940:ce4d:0:0:0:0:0,2a0a:4940:ce4d:ffff:ffff:ffff:ffff:ffff,GIBIRNET ILETISIM HIZMETLERI SANAYI VE TICARET LIMITED SIRKETI,gibir.net.tr
6,2a0a:4940:a2ee:0:0:0:0:0,2a0a:4940:a2ee:ffff:ffff:ffff:ffff:ffff,GIBIRNET ILETISIM HIZMETLERI SANAYI VE TICARET LIMITED SIRKETI,gibir.net.tr
6,2a0a:4940:9742:0:0:0:0:0,2a0a:4940:9742:ffff:ffff:ffff:ffff:ffff,GIBIRNET ILETISIM HIZMETLERI SANAYI VE TICARET LIMITED SIRKETI,gibir.net.tr
6,2001:978:2:12:0:0:120:0,2001:978:2:12:0:0:120:ffff,Datacamp Limited,www.datacamp.co.uk
6,2001:550:2:2c:0:0:51:0,2001:550:2:2c:0:0:51:ffff,"Markley Network Services, LLC",www.markleygroup.com
6,2a0a:4940:fec8:0:0:0:0:0,2a0a:4940:fec8:ffff:ffff:ffff:ffff:ffff,GIBIRNET ILETISIM HIZMETLERI SANAYI VE TICARET LIMITED SIRKETI,gibir.net.tr
6,2a0a:4940:f937:0:0:0:0:0,2a0a:4940:f937:ffff:ffff:ffff:ffff:ffff,GIBIRNET ILETISIM HIZMETLERI SANAYI VE TICARET LIMITED SIRKETI,gibir.net.tr
6,2001:978:2:38:0:0:25:0,2001:978:2:38:0:0:25:ffff,EUROTELE-PLUS LLC,eurotele.com.ua
6,2a0a:4940:ad45:0:0:0:0:0,2a0a:4940:ad45:ffff:ffff:ffff:ffff:ffff,GIBIRNET ILETISIM HIZMETLERI SANAYI VE TICARET LIMITED SIRKETI,gibir.net.tr
6,2a0a:4940:4037:0:0:0:0:0,2a0a:4940:4037:ffff:ffff:ffff:ffff:ffff,GIBIRNET ILETISIM HIZMETLERI SANAYI VE TICARET LIMITED SIRKETI,gibir.net.tr
6,2a0a:4940:bc29:0:0:0:0:0,2a0a:4940:bc29:ffff:ffff:ffff:ffff:ffff,GIBIRNET ILETISIM HIZMETLERI SANAYI VE TICARET LIMITED SIRKETI,gibir.net.tr
6,2a0a:4940:fd87:0:0:0:0:0,2a0a:4940:fd87:ffff:ffff:ffff:ffff:ffff,GIBIRNET ILETISIM HIZMETLERI SANAYI VE TICARET LIMITED SIRKETI,gibir.net.tr
6,2a01:4f8:241:43e9:0:0:0:0,2a01:4f8:241:43e9:ffff:ffff:ffff:ffff,IPSERVER LTD,hetzner.com
6,2a0a:4940:f37e:0:0:0:0:0,2a0a:4940:f37e:ffff:ffff:ffff:ffff:ffff,GIBIRNET ILETISIM HIZMETLERI SANAYI VE TICARET LIMITED SIRKETI,gibir.net.tr
6,2a07:8dc0:1a:0:0:0:0:0,2a07:8dc0:1a:ffff:ffff:ffff:ffff:ffff,VIRTUA SYSTEMS SAS,virtua.systems
6,2a0a:4940:eae9:0:0:0:0:0,2a0a:4940:eae9:ffff:ffff:ffff:ffff:ffff,GIBIRNET ILETISIM HIZMETLERI SANAYI VE TICARET LIMITED SIRKETI,gibir.net.tr
6,2a12:dd47:db04:0:0:0:0:0,2a12:dd47:db04:ffff:ffff:ffff:ffff:ffff,MARIO NETWORKS LIMITED,mario.gdn
6,2a00:7b80:3035:132e:0:0:0:0,2a00:7b80:3035:132e:ffff:ffff:ffff:ffff,Snel.com B.V.,www.snel.com
6,2a0a:4940:1d57:0:0:0:0:0,2a0a:4940:1d57:ffff:ffff:ffff:ffff:ffff,GIBIRNET ILETISIM HIZMETLERI SANAYI VE TICARET LIMITED SIRKETI,gibir.net.tr
6,2a0a:4940:9b9f:0:0:0:0:0,2a0a:4940:9b9f:ffff:ffff:ffff:ffff:ffff,GIBIRNET ILETISIM HIZMETLERI SANAYI VE TICARET LIMITED SIRKETI,gibir.net.tr
6,2400:8500:1301:703:0:0:0:0,2400:8500:1301:703:ffff:ffff:ffff:ffff,"GMO Internet Group, Inc.",www.gmo.jp
6,2a0a:4940:fdec:0:0:0:0:0,2a0a:4940:fdec:ffff:ffff:ffff:ffff:ffff,GIBIRNET ILETISIM HIZMETLERI SANAYI VE TICARET LIMITED SIRKETI,gibir.net.tr
6,2a0a:4940:e97c:0:0:0:0:0,2a0a:4940:e97c:ffff:ffff:ffff:ffff:ffff,GIBIRNET ILETISIM HIZMETLERI SANAYI VE TICARET LIMITED SIRKETI,gibir.net.tr
6,2a0a:4940:4fac:0:0:0:0:0,2a0a:4940:4fac:ffff:ffff:ffff:ffff:ffff,GIBIRNET ILETISIM HIZMETLERI SANAYI VE TICARET LIMITED SIRKETI,gibir.net.tr
6,2a09:4c0:5100:0:0:0:0:0,2a09:4c0:5100:ffff:ffff:ffff:ffff:ffff,Securebit AG,www.securebit.ch
6,2a01:7a7:2:3a1f:0:0:0:0,2a01:7a7:2:3a1f:ffff:ffff:ffff:ffff,Pockethost GmbH,godaddy.com
6,2405:f380:0:0:0:0:0:0,2405:f380:ffff:ffff:ffff:ffff:ffff:ffff,Guangdong YUNGU TECHNOLOGY LIMITED,yun-gu.com
6,2a01:4f8:191:8363:0:0:0:0,2a01:4f8:191:8363:ffff:ffff:ffff:ffff,Timme Hosting GmbH & Co. KG,hetzner.com
6,2a0a:4940:7e6d:0:0:0:0:0,2a0a:4940:7e6d:ffff:ffff:ffff:ffff:ffff,GIBIRNET ILETISIM HIZMETLERI SANAYI VE TICARET LIMITED SIRKETI,gibir.net.tr
6,2401:d80:0:0:0:0:0:0,2401:d80:ffff:ffff:ffff:ffff:ffff:ffff,Unmetered Servers Pty Ltd,unmeteredservers.com.au
6,2a0a:4940:1a33:0:0:0:0:0,2a0a:4940:1a33:ffff:ffff:ffff:ffff:ffff,GIBIRNET ILETISIM HIZMETLERI SANAYI VE TICARET LIMITED SIRKETI,gibir.net.tr
6,2a01:4f8:242:1b96:0:0:0:0,2a01:4f8:242:1b96:ffff:ffff:ffff:ffff,AzeHosting ApS,hetzner.com
6,2001:15c8:0:0:0:0:0:0,2001:15c8:ffff:ffff:ffff:ffff:ffff:ffff,We Dare B.V.,www.wd6.net
6,2a01:4f8:e0:1045:0:0:0:0,2a01:4f8:e0:1045:ffff:ffff:ffff:ffff,Unihost Inc.,hetzner.com
6,2a0a:4940:353a:0:0:0:0:0,2a0a:4940:353a:ffff:ffff:ffff:ffff:ffff,GIBIRNET ILETISIM HIZMETLERI SANAYI VE TICARET LIMITED SIRKETI,gibir.net.tr
6,2a0a:4940:60e7:0:0:0:0:0,2a0a:4940:60e7:ffff:ffff:ffff:ffff:ffff,GIBIRNET ILETISIM HIZMETLERI SANAYI VE TICARET LIMITED SIRKETI,gibir.net.tr
6,2a0a:4940:bdbc:0:0:0:0:0,2a0a:4940:bdbc:ffff:ffff:ffff:ffff:ffff,GIBIRNET ILETISIM HIZMETLERI SANAYI VE TICARET LIMITED SIRKETI,gibir.net.tr
6,2a0a:4940:5571:0:0:0:0:0,2a0a:4940:5571:ffff:ffff:ffff:ffff:ffff,GIBIRNET ILETISIM HIZMETLERI SANAYI VE TICARET LIMITED SIRKETI,gibir.net.tr
6,2a0a:4940:a044:0:0:0:0:0,2a0a:4940:a044:ffff:ffff:ffff:ffff:ffff,GIBIRNET ILETISIM HIZMETLERI SANAYI VE TICARET LIMITED SIRKETI,gibir.net.tr
6,2a0a:4940:d8b6:0:0:0:0:0,2a0a:4940:d8b6:ffff:ffff:ffff:ffff:ffff,GIBIRNET ILETISIM HIZMETLERI SANAYI VE TICARET LIMITED SIRKETI,gibir.net.tr
6,2a0a:4940:5604:0:0:0:0:0,2a0a:4940:5604:ffff:ffff:ffff:ffff:ffff,GIBIRNET ILETISIM HIZMETLERI SANAYI VE TICARET LIMITED SIRKETI,gibir.net.tr
6,2a0a:4940:6f24:0:0:0:0:0,2a0a:4940:6f24:ffff:ffff:ffff:ffff:ffff,GIBIRNET ILETISIM HIZMETLERI SANAYI VE TICARET LIMITED SIRKETI,gibir.net.tr
6,2a0a:4940:14fe:0:0:0:0:0,2a0a:4940:14fe:ffff:ffff:ffff:ffff:ffff,GIBIRNET ILETISIM HIZMETLERI SANAYI VE TICARET LIMITED SIRKETI,gibir.net.tr
6,2a0e:97c0:4b81:0:0:0:0:0,2a0e:97c0:4b81:ffff:ffff:ffff:ffff:ffff,4b42 UG,www.4b42.com
6,2a0a:4940:3e6e:0:0:0:0:0,2a0a:4940:3e6e:ffff:ffff:ffff:ffff:ffff,GIBIRNET ILETISIM HIZMETLERI SANAYI VE TICARET LIMITED SIRKETI,gibir.net.tr
6,2a02:6b8:b081:107:0:0:0:0,2a02:6b8:b081:107:ffff:ffff:ffff:ffff,YANDEX LLC,yandex-team.ru
6,2a02:7b02:0:0:0:0:0:0,2a02:7b02:fff:ffff:ffff:ffff:ffff:ffff,retarus GmbH,www.retarus.com
6,2a0c:4480:2:0:0:0:0:0,2a0c:4480:2:ffff:ffff:ffff:ffff:ffff,CDNetworksru net,cdnvideo.ru
6,2a0a:4940:e714:0:0:0:0:0,2a0a:4940:e714:ffff:ffff:ffff:ffff:ffff,GIBIRNET ILETISIM HIZMETLERI SANAYI VE TICARET LIMITED SIRKETI,gibir.net.tr
6,2001:978:2:19:0:0:126:0,2001:978:2:19:0:0:126:ffff,Limestone Networks,limestonenetworks.com
6,2a0a:4940:2324:0:0:0:0:0,2a0a:4940:2324:ffff:ffff:ffff:ffff:ffff,GIBIRNET ILETISIM HIZMETLERI SANAYI VE TICARET LIMITED SIRKETI,gibir.net.tr
6,2a0a:4940:b89a:0:0:0:0:0,2a0a:4940:b89a:ffff:ffff:ffff:ffff:ffff,GIBIRNET ILETISIM HIZMETLERI SANAYI VE TICARET LIMITED SIRKETI,gibir.net.tr
6,2a0a:4940:8ab2:0:0:0:0:0,2a0a:4940:8ab2:ffff:ffff:ffff:ffff:ffff,GIBIRNET ILETISIM HIZMETLERI SANAYI VE TICARET LIMITED SIRKETI,gibir.net.tr
6,2a0e:b107:ec6:0:0:0:0:0,2a0e:b107:ec6:ffff:ffff:ffff:ffff:ffff,Daniel Piekacz,gixtools.net
6,2a0a:4940:6576:0:0:0:0:0,2a0a:4940:6576:ffff:ffff:ffff:ffff:ffff,GIBIRNET ILETISIM HIZMETLERI SANAYI VE TICARET LIMITED SIRKETI,gibir.net.tr
6,2a0a:4940:153b:0:0:0:0:0,2a0a:4940:153b:ffff:ffff:ffff:ffff:ffff,GIBIRNET ILETISIM HIZMETLERI SANAYI VE TICARET LIMITED SIRKETI,gibir.net.tr
6,2607:f6f0:0:0:0:0:0:0,2607:f6f0:ffff:ffff:ffff:ffff:ffff:ffff,"Equinix, Inc.",www.equinix.com
6,2a0a:4940:99fa:0:0:0:0:0,2a0a:4940:99fa:ffff:ffff:ffff:ffff:ffff,GIBIRNET ILETISIM HIZMETLERI SANAYI VE TICARET LIMITED SIRKETI,gibir.net.tr
6,2a0a:4940:f95a:0:0:0:0:0,2a0a:4940:f95a:ffff:ffff:ffff:ffff:ffff,GIBIRNET ILETISIM HIZMETLERI SANAYI VE TICARET LIMITED SIRKETI,gibir.net.tr
6,2a0a:4940:bcc8:0:0:0:0:0,2a0a:4940:bcc8:ffff:ffff:ffff:ffff:ffff,GIBIRNET ILETISIM HIZMETLERI SANAYI VE TICARET LIMITED SIRKETI,gibir.net.tr
6,2a0a:4940:aae3:0:0:0:0:0,2a0a:4940:aae3:ffff:ffff:ffff:ffff:ffff,GIBIRNET ILETISIM HIZMETLERI SANAYI VE TICARET LIMITED SIRKETI,gibir.net.tr
6,2a0a:4940:a092:0:0:0:0:0,2a0a:4940:a092:ffff:ffff:ffff:ffff:ffff,GIBIRNET ILETISIM HIZMETLERI SANAYI VE TICARET LIMITED SIRKETI,gibir.net.tr
6,2a0a:4940:386f:0:0:0:0:0,2a0a:4940:386f:ffff:ffff:ffff:ffff:ffff,GIBIRNET ILETISIM HIZMETLERI SANAYI VE TICARET LIMITED SIRKETI,gibir.net.tr
6,2a0a:4940:dcd:0:0:0:0:0,2a0a:4940:dcd:ffff:ffff:ffff:ffff:ffff,GIBIRNET ILETISIM HIZMETLERI SANAYI VE TICARET LIMITED SIRKETI,gibir.net.tr
6,2404:fc00:76:0:0:0:0:0,2404:fc00:76:ffff:ffff:ffff:ffff:ffff,i-System Technology Limited,www.i-system.hk
6,2a0a:4940:6a3e:0:0:0:0:0,2a0a:4940:6a3e:ffff:ffff:ffff:ffff:ffff,GIBIRNET ILETISIM HIZMETLERI SANAYI VE TICARET LIMITED SIRKETI,gibir.net.tr
6,2a0a:4940:1b2b:0:0:0:0:0,2a0a:4940:1b2b:ffff:ffff:ffff:ffff:ffff,GIBIRNET ILETISIM HIZMETLERI SANAYI VE TICARET LIMITED SIRKETI,gibir.net.tr
6,2a01:4f8:202:4184:0:0:0:0,2a01:4f8:202:4184:ffff:ffff:ffff:ffff,Timme Hosting GmbH & Co. KG,hetzner.com
6,2a0a:4940:c444:0:0:0:0:0,2a0a:4940:c444:ffff:ffff:ffff:ffff:ffff,GIBIRNET ILETISIM HIZMETLERI SANAYI VE TICARET LIMITED SIRKETI,gibir.net.tr
6,2a0e:b107:1570:0:0:0:0:0,2a0e:b107:157f:ffff:ffff:ffff:ffff:ffff,HUIZE LTD,62yun.com
6,2001:df4:3680:0:0:0:0:0,2001:df4:3680:ffff:ffff:ffff:ffff:ffff,PT Era Awan Digital,eranyacloud.com
6,2a01:6ee0:0:0:0:0:0:0,2a01:6ee0:ffff:ffff:ffff:ffff:ffff:ffff,Rackforest Zrt.,rackforest.com
6,2a0a:4940:e527:0:0:0:0:0,2a0a:4940:e527:ffff:ffff:ffff:ffff:ffff,GIBIRNET ILETISIM HIZMETLERI SANAYI VE TICARET LIMITED SIRKETI,gibir.net.tr
6,2a0a:4940:64de:0:0:0:0:0,2a0a:4940:64de:ffff:ffff:ffff:ffff:ffff,GIBIRNET ILETISIM HIZMETLERI SANAYI VE TICARET LIMITED SIRKETI,gibir.net.tr
6,2a0a:4940:ea66:0:0:0:0:0,2a0a:4940:ea66:ffff:ffff:ffff:ffff:ffff,GIBIRNET ILETISIM HIZMETLERI SANAYI VE TICARET LIMITED SIRKETI,gibir.net.tr
6,2a01:4f8:e0:11c6:0:0:0:0,2a01:4f8:e0:11c6:ffff:ffff:ffff:ffff,Unihost Inc.,hetzner.com
6,2001:678:310:0:0:0:0:0,2001:678:310:ffff:ffff:ffff:ffff:ffff,Adrian Almenar Serrano,as62080.net
6,2a0a:4940:5ad5:0:0:0:0:0,2a0a:4940:5ad5:ffff:ffff:ffff:ffff:ffff,GIBIRNET ILETISIM HIZMETLERI SANAYI VE TICARET LIMITED SIRKETI,gibir.net.tr
6,2a0c:e642:10:0:0:0:0:0,2a0c:e642:1f:ffff:ffff:ffff:ffff:ffff,MrSheepNET LTD,mrsheep.io
6,2a0a:4940:3e72:0:0:0:0:0,2a0a:4940:3e72:ffff:ffff:ffff:ffff:ffff,GIBIRNET ILETISIM HIZMETLERI SANAYI VE TICARET LIMITED SIRKETI,gibir.net.tr
6,2a12:dd47:db7e:0:0:0:0:0,2a12:dd47:db7e:ffff:ffff:ffff:ffff:ffff,MARIO NETWORKS LIMITED,mario.gdn
6,2a0a:4940:5dbd:0:0:0:0:0,2a0a:4940:5dbd:ffff:ffff:ffff:ffff:ffff,GIBIRNET ILETISIM HIZMETLERI SANAYI VE TICARET LIMITED SIRKETI,gibir.net.tr
6,2a0a:4940:79ae:0:0:0:0:0,2a0a:4940:79ae:ffff:ffff:ffff:ffff:ffff,GIBIRNET ILETISIM HIZMETLERI SANAYI VE TICARET LIMITED SIRKETI,gibir.net.tr
6,2a09:4c0:44e0:0:0:0:0:0,2a09:4c0:44ef:ffff:ffff:ffff:ffff:ffff,Securebit AG,www.securebit.ch
6,2a0a:4940:1dc0:0:0:0:0:0,2a0a:4940:1dc0:ffff:ffff:ffff:ffff:ffff,GIBIRNET ILETISIM HIZMETLERI SANAYI VE TICARET LIMITED SIRKETI,gibir.net.tr
6,2a0a:4940:b619:0:0:0:0:0,2a0a:4940:b619:ffff:ffff:ffff:ffff:ffff,GIBIRNET ILETISIM HIZMETLERI SANAYI VE TICARET LIMITED SIRKETI,gibir.net.tr
6,2a0a:4940:23bd:0:0:0:0:0,2a0a:4940:23bd:ffff:ffff:ffff:ffff:ffff,GIBIRNET ILETISIM HIZMETLERI SANAYI VE TICARET LIMITED SIRKETI,gibir.net.tr
6,2a12:a280:0:0:0:0:0:0,2a12:a280:ffff:ffff:ffff:ffff:ffff:ffff,ZADARA TECHNOLOGIES LTD,www.zadara.com
6,2a0a:4940:4f5:0:0:0:0:0,2a0a:4940:4f5:ffff:ffff:ffff:ffff:ffff,GIBIRNET ILETISIM HIZMETLERI SANAYI VE TICARET LIMITED SIRKETI,gibir.net.tr
6,2a0a:4940:e4b7:0:0:0:0:0,2a0a:4940:e4b7:ffff:ffff:ffff:ffff:ffff,GIBIRNET ILETISIM HIZMETLERI SANAYI VE TICARET LIMITED SIRKETI,gibir.net.tr
6,2a01:4f8:221:1d09:0:0:0:0,2a01:4f8:221:1d09:ffff:ffff:ffff:ffff,LLC HOST VDS,hostvds.net
6,2a0a:4940:cc96:0:0:0:0:0,2a0a:4940:cc96:ffff:ffff:ffff:ffff:ffff,GIBIRNET ILETISIM HIZMETLERI SANAYI VE TICARET LIMITED SIRKETI,gibir.net.tr
6,2a0a:4940:495e:0:0:0:0:0,2a0a:4940:495e:ffff:ffff:ffff:ffff:ffff,GIBIRNET ILETISIM HIZMETLERI SANAYI VE TICARET LIMITED SIRKETI,gibir.net.tr
6,2a02:6b8:f010:3000:0:0:0:0,2a02:6b8:f010:3fff:ffff:ffff:ffff:ffff,YANDEX LLC,yandex-team.ru
6,2a02:2818:0:0:0:0:0:0,2a02:2818:ffff:ffff:ffff:ffff:ffff:ffff,TANGRAM CANADA INC,www.tangram.biz
6,2a01:4f8:221:1051:0:0:0:0,2a01:4f8:221:1051:ffff:ffff:ffff:ffff,Timme Hosting GmbH & Co. KG,hetzner.com
6,2a0a:4940:b224:0:0:0:0:0,2a0a:4940:b224:ffff:ffff:ffff:ffff:ffff,GIBIRNET ILETISIM HIZMETLERI SANAYI VE TICARET LIMITED SIRKETI,gibir.net.tr
6,2a0a:4940:ef8a:0:0:0:0:0,2a0a:4940:ef8a:ffff:ffff:ffff:ffff:ffff,GIBIRNET ILETISIM HIZMETLERI SANAYI VE TICARET LIMITED SIRKETI,gibir.net.tr
6,2a0a:4940:3346:0:0:0:0:0,2a0a:4940:3346:ffff:ffff:ffff:ffff:ffff,GIBIRNET ILETISIM HIZMETLERI SANAYI VE TICARET LIMITED SIRKETI,gibir.net.tr
6,2001:828:415:113:0:0:0:0,2001:828:415:113:ffff:ffff:ffff:ffff,Proserve colocation customer with ID 761,proserve.nl
6,2a13:c480:0:0:0:0:0:0,2a13:c487:ffff:ffff:ffff:ffff:ffff:ffff,MakeAPP Cloud Ltd,www.makeapp.co.il
6,2a00:b1c0:0:0:0:0:0:0,2a00:b1c0:ffff:ffff:ffff:ffff:ffff:ffff,Plusinfo OOO,neocomms.ru
6,2a0a:4940:4208:0:0:0:0:0,2a0a:4940:4208:ffff:ffff:ffff:ffff:ffff,GIBIRNET ILETISIM HIZMETLERI SANAYI VE TICARET LIMITED SIRKETI,gibir.net.tr
6,2a0a:4940:efe3:0:0:0:0:0,2a0a:4940:efe3:ffff:ffff:ffff:ffff:ffff,GIBIRNET ILETISIM HIZMETLERI SANAYI VE TICARET LIMITED SIRKETI,gibir.net.tr
6,2a00:2381:55d:100:0:0:0:0,2a00:2381:55d:1ff:ffff:ffff:ffff:ffff,FTIP003857939 Atlantic Airlines Ltd,www.atlantic.net
6,2a0a:4940:3f71:0:0:0:0:0,2a0a:4940:3f71:ffff:ffff:ffff:ffff:ffff,GIBIRNET ILETISIM HIZMETLERI SANAYI VE TICARET LIMITED SIRKETI,gibir.net.tr
6,2804:b48:0:0:0:0:0:0,2804:b48:ffff:ffff:ffff:ffff:ffff:ffff,Sygo Internet,redeunifique.com.br
6,2a0a:4940:d1fb:0:0:0:0:0,2a0a:4940:d1fb:ffff:ffff:ffff:ffff:ffff,GIBIRNET ILETISIM HIZMETLERI SANAYI VE TICARET LIMITED SIRKETI,gibir.net.tr
6,2a0a:4940:7d63:0:0:0:0:0,2a0a:4940:7d63:ffff:ffff:ffff:ffff:ffff,GIBIRNET ILETISIM HIZMETLERI SANAYI VE TICARET LIMITED SIRKETI,gibir.net.tr
6,2001:550:2:c8:0:0:b8:0,2001:550:2:c8:0:0:b8:ffff,Switch Communications Group LLC,www.switch.com
6,2a01:4f8:192:1427:0:0:0:0,2a01:4f8:192:1427:ffff:ffff:ffff:ffff,ok-webhosting,hetzner.com
6,2a0a:4940:530b:0:0:0:0:0,2a0a:4940:530b:ffff:ffff:ffff:ffff:ffff,GIBIRNET ILETISIM HIZMETLERI SANAYI VE TICARET LIMITED SIRKETI,gibir.net.tr
6,2001:550:2:38:0:0:2b:0,2001:550:2:38:0:0:2b:ffff,"Phoenix NAP, LLC",phoenixnap.com
6,2a0a:4940:b1a4:0:0:0:0:0,2a0a:4940:b1a4:ffff:ffff:ffff:ffff:ffff,GIBIRNET ILETISIM HIZMETLERI SANAYI VE TICARET LIMITED SIRKETI,gibir.net.tr
6,2a01:4f8:10a:4605:0:0:0:0,2a01:4f8:10a:4605:ffff:ffff:ffff:ffff,hyyat4host,hetzner.com
6,2a0a:4940:cc1d:0:0:0:0:0,2a0a:4940:cc1d:ffff:ffff:ffff:ffff:ffff,GIBIRNET ILETISIM HIZMETLERI SANAYI VE TICARET LIMITED SIRKETI,gibir.net.tr
6,2a0a:4940:19f4:0:0:0:0:0,2a0a:4940:19f4:ffff:ffff:ffff:ffff:ffff,GIBIRNET ILETISIM HIZMETLERI SANAYI VE TICARET LIMITED SIRKETI,gibir.net.tr
6,2a0a:4940:2adb:0:0:0:0:0,2a0a:4940:2adb:ffff:ffff:ffff:ffff:ffff,GIBIRNET ILETISIM HIZMETLERI SANAYI VE TICARET LIMITED SIRKETI,gibir.net.tr
6,2a09:6580:0:0:0:0:0:0,2a09:6587:ffff:ffff:ffff:ffff:ffff:ffff,LIR Limited,www.web.am
6,2a0a:4940:1a17:0:0:0:0:0,2a0a:4940:1a17:ffff:ffff:ffff:ffff:ffff,GIBIRNET ILETISIM HIZMETLERI SANAYI VE TICARET LIMITED SIRKETI,gibir.net.tr
6,2a01:4f8:13b:4244:0:0:0:0,2a01:4f8:13b:4244:ffff:ffff:ffff:ffff,FastVPS Eesti O�,fastvps.hosting
6,2a01:4f8:13b:706:0:0:0:0,2a01:4f8:13b:706:ffff:ffff:ffff:ffff,internex GmbH,www.internex.at
6,2a01:4f8:241:807:0:0:0:0,2a01:4f8:241:807:ffff:ffff:ffff:ffff,Timme Hosting GmbH & Co. KG,hetzner.com